id,domain,status,purchase_price,renewal_price,attractiveness,demand,length,registrar,created_at,expires_at,status_verified_at
5fc288d1-78a8-4d6c-8332-424b77f40fba,bataan.education,available,34.99,34.99,medium,low,6,namesilo,,,22/09/2026 13:10
b48369b6-6c6b-4c39-b987-004ca74cb5d5,obscurely.education,available,34.99,34.99,medium,low,9,namesilo,,,15/09/2026 17:13
4899d8d9-a659-48a4-a67f-5406c423baf9,armoracia.education,available,34.99,34.99,medium,low,9,namesilo,,,20/09/2026 07:23
3cc32c50-35e3-4918-88e0-1a1c2eadc17b,hometown.education,available,27.2,27.2,high,low,8,cloudflare,,,28/09/2026 10:06
12ed2e33-e2e1-4117-85ed-50bde213fa25,versus.education,available,34.99,34.99,high,low,6,namesilo,,,27/09/2026 17:11
a9298c19-348e-4b16-869f-63960541e4b9,oblige.education,available,34.99,34.99,high,low,6,namesilo,,,03/09/2026 23:41
bb9849be-3be3-4b65-8875-53d8bbe469d8,pros.education,available,36.98,46.98,high,low,4,namecheap,,,20/09/2026 10:26
a6cf637e-2bd6-44ae-ac0c-07675fccbc11,antithesis.education,available,36.98,46.98,medium,low,10,namecheap,,,19/09/2026 15:11
cf585c36-1c97-416e-84fe-a607eb60fceb,necks.education,available,34.99,34.99,medium,low,5,namesilo,,,19/09/2026 20:42
042934c0-bdff-46a8-a683-2d326e4b7896,businessmen.education,available,34.99,34.99,high,low,11,namesilo,,,28/09/2026 08:52
6bb4e76a-2169-44d8-804c-0829089672aa,ferris.education,available,27.2,27.2,medium,low,6,cloudflare,,,28/09/2026 22:04
ab9e1e1f-0f2d-4b9a-a5c3-46f7b0f24807,protective.education,available,34.99,34.99,high,low,10,namesilo,,,27/09/2026 07:44
27063025-475f-446b-b58c-61a6a60393fb,upstate.education,available,34.99,34.99,high,low,7,namesilo,,,16/09/2026 10:25
c3980456-062c-4c15-8cfa-b3b643152d75,tear.education,available,34.99,34.99,high,low,4,namesilo,,,26/09/2026 00:12
7763748c-d531-4ca4-9c88-d0d32036b627,leroy.education,available,34.99,34.99,medium,low,5,namesilo,,,25/09/2026 15:35
7d67a548-6fc5-4e1a-94dd-6d853d27794e,quadrant.education,available,28.15,28.15,high,low,8,spaceship,,,29/09/2026 20:05
aa41981c-6240-4db5-bb9d-a6ac37eae040,tenant.education,available,36.98,46.98,high,low,6,namecheap,,,28/09/2026 20:19
e798a46e-1ca1-48bb-8e63-41447965dfe0,backbiter.education,available,34.99,34.99,medium,low,9,namesilo,,,21/09/2026 15:08
a4d8fd9d-626b-4604-8717-639da9426e46,poinciana.education,available,36.98,46.98,high,low,9,namecheap,,,23/09/2026 20:09
3a4dcc4c-5875-4481-9dc7-ed98e6e7dae7,enchanting.education,available,36.98,46.98,medium,low,10,namecheap,,,09/08/2026 18:21
6a44808f-3038-43f8-acbc-c568c82ca17d,attractor.education,available,34.99,34.99,high,low,9,namesilo,,,21/09/2026 02:12
f23222d6-4bae-405a-96d2-b2e21a554f1f,allegoric.education,available,34.99,34.99,medium,low,9,namesilo,,,
afb2e95f-3cac-4141-89ea-6d9d9de6683d,carve.education,available,39.99,45.99,high,low,5,name.com,,,13/08/2026 12:51
de9b1ea5-5d3e-4f0d-8ec7-30ce88540f1b,carribean.education,available,34.99,34.99,high,low,9,namesilo,,,
afe7ef5f-57ba-4ad9-a267-51809dea313a,blinded.education,available,34.99,34.99,medium,low,7,namesilo,,,10/08/2026 14:24
307970c2-4ef2-4404-b883-8e63ba730bb0,fran.education,available,34.99,34.99,high,low,4,namesilo,,,
ac3400c1-5198-4a04-9f71-ae27684ac75c,upcoming.education,available,34.99,34.99,high,low,8,namesilo,,,06/08/2026 08:39
cec49bcb-d568-4301-9237-612d08354e3d,reginald.education,available,34.99,34.99,high,low,8,namesilo,,,25/09/2026 15:10
c1b3d07f-b399-45bc-b286-4091383c5d85,involute.education,available,34.99,34.99,high,low,8,namesilo,,,22/08/2026 09:12
415f323f-58c6-487f-ae0a-1f19305de2e1,burt.education,available,34.99,34.99,high,low,4,namesilo,,,25/09/2026 03:54
36d2b76a-fde2-4416-9d0f-7b7e6f39aa52,cive.education,available,36.98,46.98,medium,low,4,namecheap,,,18/09/2026 11:31
b1694439-0adc-4bb6-862e-78a7738bc1d4,gusto.education,available,34.99,34.99,high,low,5,namesilo,,,29/09/2026 21:46
963830ae-8c59-4a89-a9bd-1aa0400a004d,loose.education,available,39.99,45.99,medium,low,5,name.com,,,22/09/2026 10:42
f2aeee49-ea74-4273-b15d-39292de81e6d,ibsen.education,available,34.99,34.99,high,low,5,namesilo,,,29/09/2026 13:02
16971b8e-9ee7-480e-b1b7-f29ab33ee7cd,ashkenazi.education,available,34.99,34.99,high,low,9,namesilo,,,20/09/2026 13:54
70a2197e-b9a9-45b7-b46b-610071d0814f,torrid.education,available,34.99,34.99,high,low,6,namesilo,,,06/08/2026 16:35
2bd83667-0cb7-4335-aaa9-3df79ce30b46,blare.education,available,34.99,34.99,medium,low,5,namesilo,,,10/08/2026 13:12
8412808a-3317-4a50-997b-e8ee70868780,alibi.education,available,34.99,34.99,high,low,5,namesilo,,,18/09/2026 07:24
6b58e83d-12d8-40a3-a7fa-3e90f7772b26,deprave.education,available,34.99,34.99,medium,low,7,namesilo,,,13/08/2026 02:24
651b8bfe-58cf-4fe3-96e0-337953bdaa9e,acherontic.education,available,34.99,34.99,medium,low,10,namesilo,,,
3111e272-3140-449c-b344-857275ab8c33,tellurian.education,available,34.99,34.99,medium,low,9,namesilo,,,11/09/2026 10:37
860b1dc0-8505-4b4a-891f-ba5e2a817d0a,leukemia.education,premium,38.94,38.94,high,low,8,namesilo,,,24/09/2026 11:59
c61836b7-a4eb-4942-ab30-cd3452ee1510,yankee.education,available,34.99,34.99,high,low,6,namesilo,,,13/09/2026 14:12
29b792a2-0f2b-4096-8b95-e21415712be4,menzies.education,available,21.11,28.32,medium,low,7,porkbun,,,29/09/2026 15:52
f8aa7760-a7ad-4821-97e1-c83d08f8ce2e,belarusian.education,available,34.99,34.99,medium,low,10,namesilo,,,09/08/2026 12:32
b69ea31b-60eb-4077-924f-4609ba8a1946,nutritious.education,available,36.98,46.98,high,low,10,namecheap,,,19/09/2026 11:02
f56bb56b-b380-44a0-8696-933118445214,demode.education,available,34.99,34.99,medium,low,6,namesilo,,,14/08/2026 01:13
6602bafc-ab4f-4235-968d-10f5a4b7fc97,depleted.education,available,34.99,34.99,medium,low,8,namesilo,,,14/08/2026 02:23
c369f59d-61f4-4cf6-9fd2-525049d0a4aa,specter.education,available,34.99,34.99,high,low,7,namesilo,,,08/09/2026 18:41
5992e83c-000a-4bbe-81fb-b7b3573b33cd,cipher.education,available,34.99,34.99,high,low,6,namesilo,,,08/09/2026 15:11
5ada00fe-344b-441d-bb5b-b2a98906b5f5,henan.education,available,34.99,34.99,medium,low,5,namesilo,,,29/09/2026 15:30
3917962f-98ba-4cc4-91ca-8580d18e22d5,challenge.education,available,21.62,29.11,high,low,9,dynadot,,,29/09/2026 07:59
1ef3da5a-12c3-46a2-a738-cd21edeee008,berber.education,available,34.99,34.99,high,low,6,namesilo,,,23/09/2026 09:07
c32d599c-4b0c-442a-87ee-ba63bb6e21f2,tamely.education,available,34.99,34.99,medium,low,6,namesilo,,,16/09/2026 07:53
7968201e-e2bf-4f02-98b6-0b2557b09af1,audiometer.education,available,34.99,34.99,medium,low,10,namesilo,,,21/09/2026 02:58
e13ca084-dc2e-43af-bc32-847f9af349b8,picker.education,available,34.99,34.99,medium,low,6,namesilo,,,24/09/2026 14:45
a224c9c0-ec9d-400c-a9af-aa161f15a0a5,petitioner.education,available,34.99,34.99,medium,low,10,namesilo,,,11/09/2026 03:30
e8134a7d-2481-48f1-8512-c9004e9c1d61,compactly.education,available,34.99,34.99,medium,low,9,namesilo,,,14/09/2026 07:35
168d197e-1997-4c82-b0cd-fa68ef75c081,breathed.education,available,34.99,34.99,medium,low,8,namesilo,,,11/08/2026 03:16
4a4d53fa-fabc-4e85-924a-8ef2fa877f03,view.education,available,28.15,28.15,high,medium,4,spaceship,,,29/09/2026 18:48
e2dd20d9-c607-4e6c-9e41-54b621904c61,hundreds.education,available,36.98,46.98,medium,low,8,namecheap,,,25/09/2026 20:33
e80f6622-4bd7-4dff-a146-6412068f953c,couth.education,available,34.99,34.99,medium,low,5,namesilo,,,13/08/2026 03:54
32da22e2-15fd-4b58-9bf6-96f9f27290fe,cello.education,available,34.99,34.99,high,low,5,namesilo,,,30/09/2026 01:01
910fba75-b60e-474a-918f-b6b344c9b339,surroundings.education,available,27.2,27.2,high,low,12,cloudflare,,,28/09/2026 06:36
72f34d6c-cdc5-4146-ad5d-b9cb5027b2d8,doubt.education,available,21.62,29.11,high,low,5,dynadot,,,29/09/2026 16:37
de74b5bc-2299-4c56-8021-0a9d47f64de8,idiot.education,available,28.15,28.15,high,low,5,spaceship,,,28/09/2026 05:02
fb5d9d05-dd82-499c-aee5-5ff81a6276dc,laugh.education,available,28.15,28.15,high,low,5,spaceship,,,29/09/2026 20:26
7ede4093-d821-4824-ad69-4dc70fc642c9,chinch.education,available,34.99,34.99,medium,low,6,namesilo,,,22/09/2026 22:46
6395c6d6-0452-471c-9d59-e204d7064e07,epicure.education,available,34.99,34.99,high,low,7,namesilo,,,17/08/2026 10:42
6e5eab6b-4594-406c-8b97-936707c7ee41,wandering.education,available,36.98,46.98,high,low,9,namecheap,,,25/09/2026 21:06
6e80bf51-be82-4989-93d5-15654114a0f3,affidavit.education,available,28.15,28.15,high,low,9,spaceship,,,28/09/2026 19:16
9c6a923f-be4e-4c70-bb43-2ca001827e74,virtually.education,resell,,,high,low,9,GoDaddy Online Services Cayman Islands Ltd.,23/09/2015 16:30,23/09/2027 16:30,28/09/2026 11:56
7d17a3e9-6a12-4c05-909e-d1995836f093,simony.education,available,34.99,34.99,medium,low,6,namesilo,,,22/09/2026 08:05
2d6df95a-412b-4e48-aa9f-d8c695791f9d,prosy.education,available,34.99,34.99,medium,low,5,namesilo,,,08/09/2026 12:32
17ed03ee-5c03-45e6-8fb8-8b246d4ca719,gratis.education,premium,123.75,123.75,high,low,6,name.com,,,20/08/2026 18:35
282821b5-0e26-46e5-a36e-57d88b5f81bc,mayor.education,available,36.98,46.98,high,low,5,namecheap,,,24/09/2026 15:10
d444f8e8-a786-457f-934d-4878bef0d389,ignoring.education,available,21.11,28.32,medium,low,8,porkbun,,,28/09/2026 11:32
93ff9d4a-f098-40d7-976a-212ed19abc49,gainly.education,available,34.99,34.99,medium,low,6,namesilo,,,18/08/2026 19:33
2ab4f2ff-12a7-44ed-a1eb-133a06f034b6,loudly.education,available,34.99,34.99,medium,low,6,namesilo,,,18/08/2026 12:25
e3258ce5-ca5a-419c-95ef-876f6336c9a5,scads.education,available,34.99,34.99,high,low,5,namesilo,,,14/09/2026 23:36
ded1a601-bb5d-4a13-b994-467373722c11,residency.education,available,27.2,27.2,high,low,9,cloudflare,,,29/09/2026 07:59
f148b2b5-60a9-41cd-a975-1873d6c2d95a,lightweight.education,available,34.99,34.99,high,low,11,namesilo,,,
9cd8a30f-1ae6-46a3-8d8e-de82030cd028,winfred.education,available,36.98,46.98,medium,low,7,namecheap,,,19/09/2026 19:23
1199b880-2d6e-4c13-8140-e497c8734035,leaves.education,available,34.99,34.99,medium,low,6,namesilo,,,08/09/2026 09:50
9091a131-8d3c-450c-bd3f-e634499c1fd9,abiders.education,available,34.99,34.99,medium,low,7,namesilo,,,18/09/2026 03:55
187bb1d9-207d-4dce-9b98-effc8faf678a,nuremberg.education,available,34.99,34.99,high,low,9,namesilo,,,25/09/2026 23:53
ed3b16cc-b3a5-4f0b-8857-86677f5bd24f,awn.education,available,34.99,34.99,high,low,3,namesilo,,,21/09/2026 10:11
227b9674-4e53-4da5-afb9-f4e5696ed2ec,lesbians.education,available,27.2,27.2,medium,low,8,cloudflare,,,29/09/2026 17:48
86fe7729-800a-4d7c-84d0-0639539e68f9,plague.education,available,27.2,27.2,high,low,6,cloudflare,,,29/09/2026 02:58
e814e9e7-9568-4053-82a3-42adbdde2107,ineptitude.education,available,34.99,34.99,medium,low,10,namesilo,,,21/09/2026 10:06
5acfc1dd-f824-411b-aa77-d30437f2ab9d,individually.education,available,34.99,34.99,medium,low,12,namesilo,,,29/09/2026 16:19
b0bc41e6-660a-48f5-984f-ec8a93a693d2,follows.education,available,28.15,28.15,high,low,7,spaceship,,,27/09/2026 18:23
e7945119-ab99-47ad-bd06-1e467c3f3717,sharpness.education,available,34.99,34.99,high,low,9,namesilo,,,24/09/2026 23:08
66f76494-23e7-495f-a2c2-a61a119d456c,tuppeny.education,available,34.99,34.99,medium,low,7,namesilo,,,10/09/2026 09:12
99ef185d-928a-46b0-9c75-719547aa9075,stormy.education,available,34.99,34.99,medium,low,6,namesilo,,,28/09/2026 01:11
1c84b64f-e6f9-452d-adbc-e98588afb826,oxidative.education,available,34.99,34.99,medium,low,9,namesilo,,,04/09/2026 22:23
1c88e001-1d57-4eb2-b317-f448aa5b4c42,offroader.education,available,34.99,34.99,medium,low,10,namesilo,,,18/09/2026 09:00
9cb05b64-9c77-4bba-96a2-81c9efbe1da0,niches.education,available,34.99,34.99,medium,low,6,namesilo,,,20/09/2026 09:56
17ef2ec6-3602-4b26-b5e3-8c0ed2910c65,deaths.education,available,36.98,46.98,medium,low,6,namecheap,,,19/09/2026 19:12
9eb133fe-5a3f-4cd6-be04-e34a345df67d,cozily.education,available,34.99,34.99,medium,low,6,namesilo,,,14/09/2026 08:48
f9973f5c-4e32-442a-a73b-02e8d7d8f79a,backer.education,available,34.99,34.99,high,low,6,namesilo,,,21/09/2026 15:26
715b8c4d-725b-4404-a2e7-184d6c98c7bb,attosecond.education,available,34.99,34.99,medium,low,10,namesilo,,,21/09/2026 02:11
cef7cfe2-8e93-4d2b-9f11-72e7d4d2527d,drove.education,available,34.99,34.99,high,low,5,namesilo,,,25/09/2026 22:29
9aa60f79-7257-4823-b688-95975e6e690f,stakeholder.education,available,34.99,34.99,high,low,11,namesilo,,,29/09/2026 08:31
67f25fc5-1bce-497d-be60-b62f67f30998,cyrillic.education,available,39.99,45.99,medium,low,8,name.com,,,13/08/2026 14:33
f0f4b9ee-92bb-4aac-aa47-31bb6592d75e,unknowing.education,available,34.99,34.99,high,low,9,namesilo,,,12/09/2026 14:22
4d210cd3-66e3-4ec6-ad37-1694dc26a275,taft.education,available,34.99,34.99,high,low,4,namesilo,,,29/09/2026 07:29
15d4d9b5-220e-463e-9492-09c45d37c536,blackseed.education,available,34.99,34.99,medium,low,9,namesilo,,,24/09/2026 03:00
40f3fba4-5f3b-474c-9bef-156e02d268ea,amplifiers.education,available,36.98,46.98,medium,low,10,namecheap,,,17/09/2026 07:12
a817c886-0b73-478a-9c18-2655e9477e52,glacial.education,available,34.99,34.99,medium,low,7,namesilo,,,18/08/2026 16:28
dc1b02cc-6225-456f-86a3-fd7c3199ee8b,versions.education,available,28.15,28.15,medium,low,8,spaceship,,,30/09/2026 00:17
67a0c752-aee3-4af4-a1cc-320bc1ea5953,oaks.education,available,34.99,34.99,medium,low,4,namesilo,,,20/09/2026 04:44
67cc8ce3-86bd-4eb8-bcc9-d2b6e52f8006,upland.education,available,36.98,46.98,medium,low,6,namecheap,,,21/08/2026 09:14
b3d2c82e-e15b-4c5b-85e5-8371a6a117de,hostility.education,available,34.99,34.99,medium,low,9,namesilo,,,19/09/2026 12:25
fbe4c601-5a50-419f-b4f4-8323d979c3b1,manners.education,available,34.99,34.99,high,low,7,namesilo,,,27/09/2026 04:41
36615011-ab0f-4be2-bb4e-773e4f145a29,medically.education,available,34.99,34.99,medium,low,9,namesilo,,,15/09/2026 13:56
92b75647-c138-4312-97a1-821388486b37,tethered.education,available,34.99,34.99,medium,low,8,namesilo,,,11/09/2026 12:10
bb4f8cca-87b2-4468-9390-5112aacf7424,taking.education,available,34.99,34.99,high,low,6,namesilo,,,18/08/2026 02:22
89209ce0-1abd-40be-907f-6fd7f172faa5,cathedral.education,available,34.99,34.99,high,low,9,namesilo,,,11/08/2026 21:50
c81447dc-b1cd-4111-ae74-df0da5d74b00,banger.education,available,36.98,46.98,high,low,6,namecheap,,,22/09/2026 01:46
7476ef2d-92ad-4eef-b06a-be72afc41798,booted.education,available,34.99,34.99,high,low,6,namesilo,,,22/09/2026 23:43
8d5d9cd4-6264-4815-9187-5507e6df4b32,hoist.education,available,28.15,28.15,high,low,5,spaceship,,,30/09/2026 01:53
dcb5bc6b-3001-4c01-903b-f53bb67957ca,mythical.education,available,34.99,34.99,high,low,8,namesilo,,,03/09/2026 12:31
cf29dadc-b913-45e4-89d8-615d3e105d35,fourteen.education,available,34.99,34.99,high,low,8,namesilo,,,21/09/2026 11:38
2d77f044-5cc2-401c-a7f1-c8ab03606c34,sue.education,available,21.62,29.11,high,low,3,dynadot,,,28/09/2026 18:04
f213e651-fd9b-4081-aae6-62fbf7db685a,sylvester.education,available,34.99,34.99,high,low,9,namesilo,,,29/09/2026 15:28
b6e651fa-0bdd-4e2d-839f-115734fca41d,kaufman.education,available,36.98,46.98,high,low,7,namecheap,,,25/09/2026 22:56
040ad6d9-2331-413f-94f5-6ef9b94e3a85,corps.education,available,36.98,46.98,high,low,5,namecheap,,,28/09/2026 22:09
5ca57517-c93b-4a9f-a529-6638b678e8e7,anaemia.education,available,28.15,28.15,medium,low,7,spaceship,,,28/09/2026 21:05
9d50e15c-b2cc-4149-a903-ce475935f6d6,dalliance.education,available,34.99,34.99,medium,low,9,namesilo,,,11/09/2026 19:38
4c375a85-825e-4219-85e7-d8676d3e59d4,nix.education,available,34.99,34.99,high,low,3,namesilo,,,03/09/2026 22:30
c946fd57-8bf7-4a8b-86a9-4d05e3d23b16,archetype.education,available,34.99,34.99,high,low,9,namesilo,,,20/09/2026 02:02
119085c9-5ebb-4915-8ce5-1012f0cdc6f4,aldose.education,available,34.99,34.99,high,low,6,namesilo,,,18/09/2026 04:38
4f83c68b-1224-46dc-8e82-f80bbcd53168,bedewed.education,available,34.99,34.99,low,low,7,namesilo,,,09/08/2026 06:46
436f729c-6fe8-45cf-beb9-a7a3566d10ba,error.education,available,34.99,34.99,high,low,5,namesilo,,,24/09/2026 16:56
edeea36e-0c48-43c1-b1ac-e4876c6c46cb,tram.education,available,34.99,34.99,high,low,4,namesilo,,,17/09/2026 12:49
639a4715-e6f3-4789-b05a-1dde80b1384c,educated.education,available,34.99,34.99,high,low,8,namesilo,,,24/09/2026 13:27
84276edc-e0d8-480c-b49c-d6c4747f656a,costing.education,available,28.15,28.15,high,low,7,spaceship,,,29/09/2026 18:29
da535cd7-0621-4edd-8891-ca10bd92bbe1,bellbird.education,available,36.98,46.98,medium,low,8,namecheap,,,23/09/2026 05:55
f226b6c1-a48f-4716-b973-04317cd1abdd,layer.education,available,34.99,34.99,high,low,5,namesilo,,,
772d523e-4165-4d53-9452-fb7967f62cb6,ounces.education,available,34.99,34.99,medium,low,6,namesilo,,,16/09/2026 11:16
a1234a67-f48f-4227-9e86-dc13c843ff40,garret.education,available,34.99,34.99,medium,low,6,namesilo,,,07/08/2026 15:51
5730edc0-43c7-49a8-b41f-a4c88fdda8bb,biography.education,available,36.98,46.98,high,low,9,namecheap,,,23/09/2026 18:09
d2c0dd32-491c-4aa6-b8b3-14d76d520df0,barnet.education,available,28.15,28.15,medium,low,6,spaceship,,,28/09/2026 20:56
a3836136-4ff0-453c-9773-cc7654b60fcd,splashed.education,available,39.99,45.99,high,low,8,name.com,,,13/08/2026 15:18
ed45fcf5-e7f8-40df-a08a-1a50c696478d,bin.education,available,34.99,34.99,high,low,3,namesilo,,,16/09/2026 13:43
f9f7ecfb-462a-4765-9f89-54ba674b1548,repeat.education,available,34.99,34.99,high,low,6,namesilo,,,24/09/2026 12:27
b9d2afef-3900-499f-b966-0909ade6f9b3,balk.education,available,34.99,34.99,medium,low,4,namesilo,,,14/08/2026 04:55
bed8ef31-88ec-4308-a417-d79dee9d30c2,congratulations.education,available,39.99,,high,low,15,name.com,,,
f4b7bcf9-f68c-4cc4-9d6b-d39678d7fdcf,ilxxx.education,available,36.98,46.98,medium,low,5,namecheap,,,
cefe98b7-27b4-4524-8796-c268d467e5cf,dissolver.education,available,34.99,34.99,medium,low,9,namesilo,,,10/09/2026 13:52
3ecbe39c-97bc-4f48-9992-c3c035ace4b0,tyranny.education,available,36.98,46.98,medium,low,7,namecheap,,,16/09/2026 18:02
a2c50b2a-a3d4-45a5-ad71-fb8c56cd27c2,gush.education,available,34.99,34.99,high,low,4,namesilo,,,22/08/2026 13:07
6e78aae8-01a7-415b-b8f7-5ef33f590200,yard.education,available,34.99,34.99,high,low,4,namesilo,,,21/09/2026 11:13
5b91a7e5-a62b-4bd7-aef8-a5da19641904,chichester.education,available,34.99,34.99,medium,low,10,namesilo,,,28/09/2026 03:33
48b17a86-4446-4a1c-b4ef-69308545f31d,dardan.education,available,36.98,46.98,medium,low,6,namecheap,,,11/09/2026 20:19
128e7b27-db96-44da-a24a-1b5cf397f4f8,denying.education,available,34.99,34.99,medium,low,7,namesilo,,,28/09/2026 11:30
522e26a7-1f57-400d-aca6-2bb1b0bd1d22,charmingly.education,available,34.99,34.99,medium,low,10,namesilo,,,14/09/2026 06:21
f92810a2-7815-4420-9fec-ed9c2818fa83,razorbill.education,available,34.99,34.99,medium,low,9,namesilo,,,18/09/2026 03:39
8bc9f935-9d7a-4615-8bf1-65404eddffbe,toiling.education,available,36.98,46.98,medium,low,7,namecheap,,,14/08/2026 20:00
6883eafd-5006-4a4b-921a-14ed816059cf,chamberlin.education,available,28.15,28.15,high,low,10,spaceship,,,29/09/2026 21:39
fbe6efac-d6c3-4f9a-8213-7a5252447697,hays.education,available,34.99,34.99,medium,low,4,namesilo,,,20/09/2026 10:51
9aa91a4c-9d79-44a5-82d9-77209e2c50b5,ceremonies.education,available,27.2,27.2,medium,low,10,cloudflare,,,29/09/2026 10:36
cdbc0259-37df-43a4-8453-53d1654bffb6,comparison.education,available,36.98,46.98,high,low,10,namecheap,,,24/09/2026 16:42
4508d2a8-9853-4d7f-ae64-c05759cb2aea,immortal.education,available,36.98,46.98,high,low,8,namecheap,,,21/08/2026 21:12
ca23ec59-309f-48de-85c7-53fef5ac94fe,ones.education,available,34.99,34.99,high,low,4,namesilo,,,
fff28623-aa7a-4cea-ae75-cab80971a8a2,desirous.education,available,34.99,34.99,medium,low,8,namesilo,,,14/08/2026 03:49
f11e2f7e-578c-4ec7-b5ab-220b4a80e4b9,shelton.education,available,34.99,34.99,medium,low,7,namesilo,,,27/09/2026 01:50
4c98b5d6-f905-445e-9393-5cac886e7c0b,unripe.education,available,34.99,34.99,medium,low,6,namesilo,,,12/09/2026 18:30
8689e851-6937-45ac-a268-3f5e9db5d412,mla.education,available,36.98,46.98,high,low,3,namecheap,,,28/09/2026 03:26
38c73b47-cdda-446a-a9fe-67f97fa01965,centralised.education,available,34.99,34.99,high,low,11,namesilo,,,
359d24dc-8cca-4f98-aac8-3d6110305189,advisable.education,available,34.99,34.99,high,low,9,namesilo,,,
72ea27f2-3ba6-4ed9-b515-58d919191880,ludicrous.education,available,34.99,34.99,medium,low,9,namesilo,,,14/08/2026 02:58
fc5c51e3-66f0-4ad3-bf41-da895b067abd,milano.education,premium,78.54,78.54,high,low,6,namesilo,,,28/09/2026 14:52
175134c9-64e5-4dda-b1c6-2af8a40b7611,surrender.education,available,28.15,28.15,high,low,9,spaceship,,,28/09/2026 11:23
7b14a5fc-a9c3-4b4a-9768-2a9ea56ad7bf,berith.education,available,34.99,34.99,medium,low,6,namesilo,,,23/09/2026 09:26
a01e4045-7f06-461f-84f3-a55b7c5112ac,suspicion.education,available,34.99,34.99,high,low,9,namesilo,,,24/09/2026 23:14
b595259c-1523-4cde-a9df-f1c204dcafdb,swear.education,available,36.98,46.98,high,low,5,namecheap,,,24/09/2026 20:32
ee815ae0-98c2-421d-bc21-65547b20df11,group.education,premium,118.8,118.8,high,low,5,namesilo,,,27/09/2026 09:25
1f5d6a5c-a24e-4c01-b69f-85285ab9ecbc,wrenching.education,available,34.99,34.99,medium,low,9,namesilo,,,09/09/2026 09:27
a27b70fd-0e2b-4fa3-9b60-d09a5c47d721,mollify.education,available,34.99,34.99,high,low,7,namesilo,,,18/08/2026 22:10
1dfa9953-4ed5-4ac5-8b7d-efb7dd36251e,larry.education,available,36.98,46.98,high,low,5,namecheap,,,25/09/2026 12:43
71e508cd-8823-485c-b291-babb307b285e,napkins.education,available,34.99,34.99,medium,low,7,namesilo,,,21/09/2026 05:52
668887ed-9b36-4512-b304-c0c772279efc,rhythmical.education,available,34.99,34.99,high,low,10,namesilo,,,09/09/2026 17:05
eb3aa945-d0e0-4194-a7e1-eee26ca0acbc,sundown.education,available,34.99,34.99,high,low,7,namesilo,,,11/09/2026 02:12
c5a2efca-cb4e-42bc-baef-8d7159fdcf82,atilt.education,available,34.99,34.99,medium,low,5,namesilo,,,07/08/2026 13:13
6ce1c01f-e517-44bf-9559-a1b598787931,forces.education,available,34.99,34.99,high,low,6,namesilo,,,16/09/2026 15:45
683f2ada-148a-4ee0-8f18-374f8d0553ba,eccles.education,available,28.15,28.15,medium,low,6,spaceship,,,29/09/2026 06:42
3ce67e81-a39b-47f5-b678-19d04b6d7390,untied.education,available,34.99,34.99,high,low,6,namesilo,,,12/09/2026 05:00
2f4f2f7e-61dd-44d4-9f1d-1a683e0d9b96,marin.education,available,34.99,34.99,high,low,5,namesilo,,,25/09/2026 15:45
dec76879-7d28-435c-8fa6-0fbeea0dde7c,drilled.education,available,36.98,46.98,medium,low,7,namecheap,,,14/08/2026 19:21
07ceba2d-e7d4-4fad-a349-aa0cdd17c143,alnus.education,available,34.99,34.99,medium,low,5,namesilo,,,18/09/2026 12:53
37b54d1f-8be8-4a3f-8005-bf9f56d0d14e,assuredly.education,available,34.99,34.99,medium,low,9,namesilo,,,13/09/2026 22:09
49f327ef-62d8-4879-8d21-0746afb7c68c,asiatic.education,available,34.99,34.99,medium,low,7,namesilo,,,07/08/2026 02:29
bad0907f-583c-4d1f-8fb6-5b75c4a99247,applecart.education,available,36.98,46.98,medium,low,9,namecheap,,,19/09/2026 21:32
2f237ffd-691f-4eea-ae5b-ad70e11d0458,billion.education,available,34.99,34.99,high,low,7,namesilo,,,22/09/2026 20:43
414befee-6426-4899-b35b-e13825d6b2cc,anuran.education,available,34.99,34.99,medium,low,6,namesilo,,,05/08/2026 20:48
127aa2fc-d5b3-4bca-8077-6ff693d7c4e1,jaws.education,available,28.15,28.15,medium,low,4,spaceship,,,28/09/2026 22:10
eb2e63b4-9470-4a62-bbf8-c201cef21a01,hierarch.education,available,34.99,34.99,medium,low,8,namesilo,,,20/09/2026 02:30
a95ed788-ccf2-496f-9ed9-f3017c29fcb0,approached.education,available,34.99,34.99,medium,low,10,namesilo,,,17/09/2026 16:13
b8e61b06-7b30-40c9-ad5f-ea26f936f791,mediterranean.education,available,28.15,28.15,high,low,13,spaceship,,,29/09/2026 08:26
3fdae5af-7d8d-4cad-a9a1-f0d2b6225237,existing.education,available,34.99,34.99,high,low,8,namesilo,,,24/09/2026 15:59
f1c7dd7a-78ca-49bf-8df4-d9d00504ad44,colourless.education,available,36.98,46.98,medium,low,10,namecheap,,,12/08/2026 17:55
283aec76-4c99-4292-aa62-edb83aef02a8,plaster.education,available,34.99,34.99,high,low,7,namesilo,,,17/09/2026 07:59
556297c8-28db-4b23-ac4a-393d0f2ee6f3,breaks.education,available,34.99,34.99,medium,low,6,namesilo,,,17/09/2026 22:04
73a37d9d-e0d8-4ba1-9c4f-fe61f7d729e9,amati.education,available,34.99,34.99,high,low,5,namesilo,,,18/09/2026 16:09
de9e1738-0e84-4cdd-9c4c-97ba6f7e4974,irrelevant.education,available,34.99,34.99,high,low,10,namesilo,,,25/09/2026 11:28
09dafccd-cfa5-4e00-ba15-e9d3d6e6dc62,castellano.education,available,34.99,34.99,medium,low,10,namesilo,,,
1d8df686-df10-4895-b9da-5276d7038de4,simulated.education,available,27.2,27.2,high,low,9,cloudflare,,,28/09/2026 03:46
fbe27a22-2c52-44bd-b61b-7b40a8fd1905,bakshish.education,available,36.98,46.98,medium,low,8,namecheap,,,21/09/2026 15:53
94095eb4-5ccf-45e1-9909-2de755bdd8ee,brody.education,available,36.98,46.98,high,low,5,namecheap,,,28/09/2026 07:05
f3e12133-a9ac-4292-b7e2-464b2e02b60d,didrikson.education,available,39.99,45.99,high,low,9,name.com,,,21/09/2026 12:34
2f27d2c9-960f-45fb-be2e-cc25053617cc,bellflower.education,available,36.98,46.98,high,low,10,namecheap,,,23/09/2026 06:06
0a1ab1a1-e4e8-47ba-b628-924e5e5424d6,pieces.education,available,36.98,46.98,medium,low,6,namecheap,,,17/09/2026 19:58
aa898e93-017a-4353-a723-db0415da83d3,comic.education,available,34.99,34.99,high,low,5,namesilo,,,23/09/2026 15:15
f2057b68-aaac-4185-b285-ecf9793a556c,shrubby.education,available,34.99,34.99,medium,low,7,namesilo,,,18/08/2026 17:15
d46c3f41-9f82-410e-9292-944d7d59fd12,bawling.education,available,34.99,34.99,medium,low,7,namesilo,,,13/09/2026 07:42
f7163a2f-a790-4349-9a67-e5b8f794fd79,scooped.education,available,34.99,34.99,medium,low,7,namesilo,,,17/09/2026 23:31
01ba4990-118f-488c-8688-bdc66c471279,beria.education,available,36.98,46.98,medium,low,5,namecheap,,,23/09/2026 09:22
2f1c5894-1f58-4c89-9389-2128c8149b26,reclusive.education,available,34.99,34.99,medium,low,9,namesilo,,,09/09/2026 11:40
e2949127-df87-4b66-9a61-f395f4b61a84,babar.education,available,36.98,46.98,high,low,5,namecheap,,,21/09/2026 12:14
32adb5cc-068e-405e-b7ca-77a6608622e1,disposable.education,available,34.99,34.99,high,low,10,namesilo,,,14/08/2026 12:03
7c4bae55-1809-451b-a724-c055b63f8659,supposed.education,available,36.98,46.98,high,low,8,namecheap,,,23/09/2026 20:34
9491ec95-7625-4c86-a166-f30fcd883010,ineffably.education,available,34.99,34.99,medium,low,9,namesilo,,,15/09/2026 07:55
17236db9-4033-4a5a-8649-bd4602545fd2,balls.education,available,34.99,34.99,high,low,5,namesilo,,,
8fadc59f-9ccd-43b2-87ec-e354319b5cf5,fatigued.education,available,34.99,34.99,medium,low,8,namesilo,,,14/08/2026 14:49
38015df2-672d-4c5c-aaab-99aee5d25e24,boxers.education,available,34.99,34.99,high,low,6,namesilo,,,29/09/2026 03:50
9b586f1a-0596-4266-bc4d-a5f71e915fc0,libber.education,available,34.99,34.99,medium,low,6,namesilo,,,18/08/2026 01:03
5bbe541a-a937-4738-8cc7-8a300065d04c,waterborne.education,available,34.99,34.99,medium,low,10,namesilo,,,13/09/2026 08:36
1528f9d1-7d58-435a-9340-df31267296d4,stacy.education,available,34.99,34.99,high,low,5,namesilo,,,28/09/2026 07:44
1a33b1be-4530-4fd0-bed8-80fb305477cb,skipped.education,available,28.15,28.15,low,low,7,spaceship,,,29/09/2026 05:58
a4fcfbe3-154d-4bb6-a3c7-fc201d664aa8,diffuse.education,available,34.99,34.99,high,low,7,namesilo,,,14/08/2026 07:02
1e6bbb5d-e6f3-4b84-b0de-d206324f169d,pita.education,available,34.99,34.99,high,low,4,namesilo,,,
61142d9c-574d-491a-8faf-e3b54a10ddc6,lowbred.education,available,34.99,34.99,medium,low,7,namesilo,,,10/08/2026 22:02
0b24df37-7b48-4d22-bd43-bc024dc7c7c4,herds.education,available,36.98,46.98,medium,low,5,namecheap,,,19/09/2026 20:40
92d7fb75-6622-4e1f-8235-5f88f3f95d8f,flashy.education,available,34.99,34.99,high,low,6,namesilo,,,25/09/2026 10:02
be038792-0e4d-40b5-ad83-94abf908c5d4,kabul.education,available,34.99,34.99,high,low,5,namesilo,,,27/09/2026 12:08
10ddc722-b7be-4eaf-a833-914d0a1a905b,generating.education,available,34.99,34.99,medium,low,10,namesilo,,,
ee72de8f-b50a-4a66-874c-2ac14bb3c9e9,thee.education,available,34.99,34.99,high,low,4,namesilo,,,
c09d2a72-d650-4cd7-8500-95c354e52002,businessman.education,available,34.99,34.99,high,low,11,namesilo,,,19/09/2026 04:56
9a592d6b-2aeb-4ac7-952c-4af83e9c6c03,moderating.education,available,34.99,34.99,medium,low,10,namesilo,,,25/08/2026 02:56
26526562-7df9-44bf-9734-3ad14fafff28,forgo.education,available,34.99,34.99,high,low,5,namesilo,,,18/08/2026 11:51
22ee6940-17a9-453f-a178-5df50fef87cd,nubby.education,available,34.99,34.99,medium,low,5,namesilo,,,21/08/2026 11:15
7896fa90-dd71-4296-8de5-4a9477e3a4ca,sunless.education,available,34.99,34.99,medium,low,7,namesilo,,,12/08/2026 12:31
96999a2c-ff5c-4d86-bc72-f8f22dd71444,tribade.education,available,34.99,34.99,medium,low,7,namesilo,,,23/08/2026 00:20
326462bd-c5ec-4329-b129-64b4edd8fa7a,nutritive.education,available,34.99,34.99,high,low,9,namesilo,,,08/09/2026 09:04
d5c771f4-ab54-40c3-9744-176685c22a7a,brow.education,available,27.2,27.2,medium,low,4,cloudflare,,,29/09/2026 04:36
fb030b86-ca4f-461a-a4e2-c7885a70d16c,wilhelm.education,available,36.98,46.98,high,low,7,namecheap,,,25/09/2026 18:53
170649fa-9d38-413d-adbc-9f9791c19e35,brunei.education,available,34.99,34.99,high,low,6,namesilo,,,28/09/2026 05:20
65d9ce4f-90a5-4f97-b358-1ed584ba9463,gyroplane.education,available,34.99,34.99,medium,low,9,namesilo,,,21/09/2026 06:27
443a2627-e1a1-452d-b9c3-6021d0adca6e,convergent.education,available,34.99,34.99,high,low,10,namesilo,,,12/08/2026 23:50
0d1ee289-bbe7-48c4-8fff-b76dbb2f42c7,documental.education,available,34.99,34.99,medium,low,10,namesilo,,,14/08/2026 14:27
7bab6ad9-98cb-4ff0-91ea-4343138132da,intercede.education,available,34.99,34.99,high,low,9,namesilo,,,22/08/2026 08:12
cd7936e7-8cf3-4596-8855-698260344b2e,semester.education,available,28.15,28.15,high,low,8,spaceship,,,28/09/2026 06:43
f710fd4a-d265-4f2f-9a07-70fcebcdbf9f,tenner.education,available,36.98,46.98,medium,low,6,namecheap,,,21/09/2026 10:53
fe4e2386-b0c9-4a13-84c2-945f72c6feb4,crap.education,available,27.2,27.2,medium,low,4,cloudflare,,,29/09/2026 05:21
65863bc7-175e-40ed-a96d-990ffb6f19f1,etiologic.education,available,34.99,34.99,medium,low,9,namesilo,,,
e077a4d6-84e0-48e5-94eb-3123aa17fe56,twilight.education,available,34.99,34.99,high,low,8,namesilo,,,11/09/2026 21:38
606e50ac-e496-4974-b2b9-6f326195ab91,arduous.education,available,34.99,34.99,high,low,7,namesilo,,,06/08/2026 16:40
4157989e-26f4-4bba-9d26-8db102ea0782,petals.education,available,27.2,27.2,medium,low,6,cloudflare,,,29/09/2026 17:41
50362af5-7df0-490e-b507-6d6ecaec826b,carson.education,available,34.99,34.99,high,low,6,namesilo,,,28/09/2026 01:36
efaf56a8-4d7e-4cf8-8100-416daca917c3,comet.education,available,34.99,34.99,high,low,5,namesilo,,,29/09/2026 00:28
1af37938-6fa4-4091-b742-50862322420a,pocketable.education,available,34.99,34.99,medium,low,10,namesilo,,,08/09/2026 22:20
dd6a183f-6b69-4933-a15e-bd800fc0cd5b,agenesis.education,available,34.99,34.99,medium,low,8,namesilo,,,17/09/2026 17:08
c127cf7e-8c61-4715-9817-e509e26b8222,astragalus.education,available,36.98,46.98,high,low,10,namecheap,,,19/09/2026 09:45
250b4a17-a888-4cf3-b038-f20ab89e7742,bestiary.education,available,34.99,34.99,medium,low,8,namesilo,,,23/09/2026 10:36
6f685edf-cca9-4624-a647-c385e4db12f9,ribbing.education,available,34.99,34.99,medium,low,7,namesilo,,,11/09/2026 10:01
61fee4ee-93f2-4c04-bbed-19ba31aa32db,juristic.education,available,34.99,34.99,medium,low,8,namesilo,,,22/08/2026 14:37
db3c0139-b1c8-49e2-ba02-db8dba36ab29,indorse.education,available,34.99,34.99,medium,low,7,namesilo,,,08/08/2026 05:17
7cee50e9-e61d-43e7-9770-43952a4f91b5,sparrow.education,available,28.15,28.15,high,low,7,spaceship,,,29/09/2026 00:43
bc752393-9358-4249-b596-72a3d780fa6a,vintage.education,available,34.99,34.99,high,low,7,namesilo,,,28/09/2026 20:39
af0e2859-95e9-4914-99ce-e2b5ad9ff0a8,clerks.education,available,21.11,28.32,medium,low,6,porkbun,,,29/09/2026 23:28
f5207d16-a038-48ac-9be7-4a5dd29c4ac2,sophistication.education,available,34.99,34.99,high,low,14,namesilo,,,
113b4e7a-64dd-49ef-b3b3-f9ade3c0c622,symons.education,available,36.98,46.98,medium,low,6,namecheap,,,20/09/2026 11:07
0926f6cd-dc9b-4f73-a3a2-fd31c08bdc0c,bleep.education,available,34.99,34.99,high,low,5,namesilo,,,23/09/2026 01:26
3b945eb5-8d60-4b3e-a89b-ccf6e43f13ed,comedian.education,available,34.99,34.99,high,low,8,namesilo,,,23/09/2026 15:26
7da41336-e013-40de-b295-d9152c4c855e,floaty.education,available,34.99,34.99,high,low,6,namesilo,,,11/08/2026 10:08
f2187d26-015c-4c90-919d-d2dd7db10736,marvellous.education,available,34.99,34.99,high,low,10,namesilo,,,25/09/2026 00:14
499e6967-df3a-4f4c-9f84-09ecb63443bd,bagpiper.education,available,36.98,46.98,high,low,8,namecheap,,,21/09/2026 18:28
b9bc324e-0d4d-4dc6-b1e7-64729c930c21,asked.education,available,34.99,34.99,high,low,5,namesilo,,,
8f5a2fd5-e229-458d-bdde-24efc562827e,agility.education,available,39.99,45.99,high,low,7,name.com,,,17/09/2026 17:49
2a9578ff-5c4e-431a-a2b0-0ded223951be,family.education,resell,,,high,medium,6,"Spaceship, Inc.",12/12/2016 06:14,12/12/2026 06:14,26/09/2026 06:00
ee37ff77-2257-4645-9358-963860f7d293,methodist.education,available,34.99,34.99,high,low,9,namesilo,,,24/08/2026 21:58
ac6219e6-f9b6-4be1-a3d1-c639616cc078,boston.education,premium,78.54,78.54,high,low,6,namesilo,,,29/09/2026 01:41
0fd776f3-659a-43ca-ab11-e25ad643f3de,quantal.education,available,34.99,34.99,medium,low,7,namesilo,,,09/09/2026 07:28
0d159070-2fa8-4521-82d0-267caa334667,polynomial.education,available,34.99,34.99,high,low,10,namesilo,,,03/09/2026 10:48
5588c37f-c33e-42fc-8868-c1fa9fc20c54,autofocus.education,available,34.99,34.99,high,low,9,namesilo,,,21/09/2026 06:19
09f4bf3d-e005-41c6-aa16-731ae2468dbe,comfort.education,available,34.99,34.99,high,low,7,namesilo,,,24/09/2026 16:25
070f58f4-a58e-4392-a966-fe604db77fe9,craftily.education,available,34.99,34.99,medium,low,8,namesilo,,,14/09/2026 09:00
52948bbd-f2ec-47ba-b01f-451da4c6c570,footle.education,available,34.99,34.99,medium,low,6,namesilo,,,11/09/2026 08:27
57747a66-89a1-4e56-a695-e767d121efe3,reportable.education,available,34.99,34.99,medium,low,10,namesilo,,,09/09/2026 14:36
325e860d-7882-4597-804a-65bb71ed759a,apical.education,available,34.99,34.99,high,low,6,namesilo,,,05/08/2026 23:58
365dc374-bb6d-4ce9-b5f3-c50530561f08,goofy.education,available,34.99,34.99,high,low,5,namesilo,,,12/08/2026 14:50
51e1df3d-588a-42ec-ac97-4634ad0d1628,harmon.education,available,34.99,34.99,high,low,6,namesilo,,,27/09/2026 07:57
6d7ca6b8-c09e-4050-9293-daf56c7fba0e,portend.education,available,34.99,34.99,medium,low,7,namesilo,,,21/09/2026 03:29
8ee30126-d6b0-4c43-8660-204559c03bed,festivities.education,available,28.15,28.15,medium,low,11,spaceship,,,29/09/2026 22:56
cfa94030-d8d0-4df2-b100-97ae228d68e8,langley.education,available,28.15,28.15,high,low,7,spaceship,,,28/09/2026 14:40
45e76bfb-672b-4ab7-b42d-c23e38886ccb,tuesdays.education,available,39.99,,high,low,8,name.com,,,
c2ee4dff-60c1-46b9-abb6-7f3772a15bd0,tortured.education,available,34.99,34.99,medium,low,8,namesilo,,,
a60ff2fd-495f-4021-83a2-d4feedddd940,conquer.education,available,34.99,34.99,high,low,7,namesilo,,,
ab92eebe-ba88-4314-b2d1-351663c7c01e,haarlem.education,available,27.2,27.2,medium,low,7,cloudflare,,,29/09/2026 22:19
f6e4a518-d9c3-420b-90f3-d67e605c9b37,baptists.education,available,34.99,34.99,high,low,8,namesilo,,,22/09/2026 03:33
d3361a36-2f2c-4df4-b91a-989a1072955f,corky.education,available,34.99,34.99,high,low,5,namesilo,,,13/08/2026 01:23
d7de51b1-05df-4a3d-a8e7-9143249f264f,alopex.education,available,36.98,46.98,medium,low,6,namecheap,,,18/09/2026 13:19
ebe7aff4-bc77-4b49-a955-936a31238269,sending.education,available,36.98,46.98,high,low,7,namecheap,,,25/09/2026 10:37
cfb6c7ca-091d-419b-8e46-c062e1535a08,yards.education,available,28.15,28.15,high,low,5,spaceship,,,29/09/2026 08:47
3303a0c0-8c28-4c53-be8d-72b71e21382c,mouthwash.education,available,39.99,,high,low,10,name.com,,,
46137dc8-bdab-42ff-97e7-93c7faa48823,futureless.education,available,36.98,46.98,low,low,10,namecheap,,,18/08/2026 19:15
3426b6d3-32f0-47fb-a430-29dc7c6a840f,abkhazia.education,available,39.99,45.99,medium,low,8,name.com,,,16/09/2026 16:03
da5d77ca-cb97-4b16-96a7-c1046ea06c7e,lebanese.education,available,34.99,34.99,high,low,8,namesilo,,,22/08/2026 22:15
c3fc38f6-df99-4a3c-8c72-89c3a62aa881,nanjing.education,available,28.15,28.15,medium,low,7,spaceship,,,28/09/2026 10:29
6cf57e86-9c1f-4c5d-8724-03d08f22b45a,commodore.education,available,28.15,28.15,high,low,9,spaceship,,,29/09/2026 11:55
053d73bb-d2b1-49be-81d7-4e603000a317,cody.education,available,34.99,34.99,high,low,4,namesilo,,,25/09/2026 03:39
56f8d8c8-1526-4866-98f5-09095deb8b26,algerian.education,available,34.99,34.99,high,low,8,namesilo,,,
54ef0281-f65d-4c2e-842b-62acabaa270d,owes.education,available,21.11,28.32,high,low,4,porkbun,,,28/09/2026 05:04
f02ec06c-4b5b-4e10-ace6-0859de4416c9,threshold.education,available,34.99,34.99,high,low,9,namesilo,,,24/09/2026 10:33
8efb6d90-ff72-44e4-a75e-36577221acc7,overstatement.education,available,39.99,,medium,low,13,name.com,,,
00137d2b-38b0-420b-b09b-e6f5eaa88778,lunger.education,available,34.99,34.99,medium,low,6,namesilo,,,12/08/2026 23:06
13b820c3-3303-4498-ba1b-b4114dfb59bd,approx.education,available,34.99,34.99,medium,low,6,namesilo,,,27/09/2026 02:29
7ee81ddf-6981-4829-adb8-b78d5c674d36,sat.education,premium,78.54,78.54,high,low,3,namesilo,,,
f1bc0481-513a-4134-a2c6-3e99e4b06e79,flak.education,available,34.99,34.99,medium,low,4,namesilo,,,
4b25bcdd-c9cf-496b-a3a9-893fd6d025ad,coast.education,available,34.99,34.99,high,low,5,namesilo,,,29/09/2026 10:10
298297a7-fd6d-47a4-bb64-0b260d07d04d,steven.education,available,34.99,34.99,high,low,6,namesilo,,,25/09/2026 12:12
eb488499-3363-4e40-92ed-2a21870fe205,armando.education,available,28.15,28.15,medium,low,7,spaceship,,,29/09/2026 11:42
59600af0-5205-462c-bd96-e417a99d6459,unopened.education,available,34.99,34.99,medium,low,8,namesilo,,,12/09/2026 16:14
7b8a9a61-1bb3-410a-9d8a-ec65cca4c822,enduring.education,available,34.99,34.99,high,low,8,namesilo,,,
261cee85-df5c-4b57-8aa8-f5e85cdc2e05,wiry.education,available,34.99,34.99,high,low,4,namesilo,,,10/09/2026 22:42
2fc641fe-43a7-405c-a101-5ac0d830a3c6,invidious.education,available,34.99,34.99,medium,low,9,namesilo,,,22/08/2026 09:04
7b8a26bb-20df-425d-bcfe-2911ad69384f,buyers.education,available,21.62,29.11,medium,low,6,dynadot,,,29/09/2026 05:47
e251c15d-0e05-4a5b-b07c-6bb761a51d61,fourthly.education,available,34.99,34.99,medium,low,8,namesilo,,,18/08/2026 13:50
54e77c2b-75fe-44a8-a36f-d7a88065b985,identical.education,available,36.98,46.98,high,low,9,namecheap,,,25/09/2026 07:23
a82b5203-2f63-4c21-b955-73171dd0219c,glabrous.education,available,34.99,34.99,medium,low,8,namesilo,,,19/08/2026 00:03
6c8cc3b1-e5b3-4729-830e-e0d38983dfba,respiration.education,available,34.99,34.99,high,low,11,namesilo,,,29/09/2026 23:19
20f8dbb5-927f-4dbb-9b13-fee40f98a40c,thongs.education,available,34.99,34.99,medium,low,6,namesilo,,,19/09/2026 22:16
7db011e2-e12c-4a6d-a285-87397d6e4ec9,koh.education,available,36.98,46.98,medium,low,3,namecheap,,,29/09/2026 04:20
e5c66ecf-eae7-4305-a501-3c6ad5dca683,alvarado.education,available,28.15,28.15,medium,low,8,spaceship,,,28/09/2026 16:06
d80f89da-0126-4fef-a3f8-4700e56da743,limbic.education,available,34.99,34.99,medium,low,6,namesilo,,,23/08/2026 11:49
dbff61d7-fc55-43a3-bee8-0509344228d7,miscible.education,available,34.99,34.99,medium,low,8,namesilo,,,25/08/2026 01:23
b8592eb0-bc8a-48c0-95ea-b062ac28764e,realism.education,available,34.99,34.99,high,low,7,namesilo,,,29/09/2026 13:31
4536b656-cbbc-424b-89b9-bf07f6af536f,therefore.education,available,21.62,29.11,medium,low,9,dynadot,,,28/09/2026 15:07
afccf517-04bc-4b9e-9da1-00348eafe481,drumming.education,available,36.98,46.98,high,low,8,namecheap,,,30/09/2026 01:23
2ac7e28a-d540-497a-8745-0723a0fde201,crowley.education,available,34.99,34.99,medium,low,7,namesilo,,,27/09/2026 01:51
79f2b1ef-0421-43c1-bd9e-597729bc982e,rites.education,available,34.99,34.99,medium,low,5,namesilo,,,29/09/2026 11:15
15fd89c3-06c2-4862-9544-1cdab6e2e31f,grayish.education,available,34.99,34.99,medium,low,7,namesilo,,,20/08/2026 18:56
5bb0fd83-bb8c-4456-b2ef-93489b8006ae,fourscore.education,available,36.98,46.98,medium,low,9,namecheap,,,
713a089a-fedb-4436-9fcd-7e30712f8cd6,neighborhood.education,available,34.99,34.99,high,low,12,namesilo,,,
49debb7d-bba1-4821-9688-041a953a12b6,gently.education,available,28.15,28.15,high,low,6,spaceship,,,28/09/2026 14:58
85ff7269-19e5-4aab-8c73-6704f0b2ee26,sterile.education,available,34.99,34.99,high,low,7,namesilo,,,22/09/2026 09:35
ebbcaafa-3463-464f-88cb-d9345868aa16,guitar.education,resell,,,high,low,6,"GoDaddy.com, LLC",31/03/2014 03:41,31/03/2027 03:41,29/09/2026 21:44
ff492c90-9fff-4160-88da-8a7fdda633a0,balaton.education,available,39.99,45.99,medium,low,7,name.com,,,21/09/2026 21:18
3ad00e5f-d0a9-4091-aa7d-f6f44927ecb0,owed.education,available,34.99,34.99,medium,low,4,namesilo,,,27/09/2026 17:35
c5623316-e513-43fe-b03a-f9fc50bdaeb0,gorki.education,available,36.98,46.98,medium,low,5,namecheap,,,18/09/2026 05:08
8cb07740-903d-4a8a-b134-4064f01bf3c6,fielding.education,available,28.15,28.15,high,low,8,spaceship,,,29/09/2026 06:54
bf853f08-2806-468b-acc9-a6188d676eda,dozen.education,available,36.98,46.98,high,low,5,namecheap,,,21/09/2026 11:29
48655eea-47ef-4ae3-b7fe-df5fa99135d7,impound.education,available,36.98,46.98,high,low,7,namecheap,,,12/08/2026 21:04
0a968b12-caba-48c5-b178-f19e9191f802,orwellian.education,available,36.98,46.98,medium,low,9,namecheap,,,04/09/2026 18:08
ba99f3f5-e849-4fce-be0f-35cf02a573f2,backplate.education,available,39.99,45.99,medium,low,9,name.com,,,21/09/2026 15:46
115c7fda-0f64-4b82-b07b-b23c922818cc,exclaims.education,available,34.99,34.99,medium,low,8,namesilo,,,19/09/2026 23:36
345c9fae-b34c-4fe6-9503-ca7c359cb8ff,que.education,available,34.99,34.99,medium,low,3,namesilo,,,28/09/2026 07:40
2af54dab-4cfc-4b71-b156-067b470eb875,hulky.education,available,34.99,34.99,medium,low,5,namesilo,,,21/08/2026 14:48
9d43d693-b31f-4e3d-93fd-3a2bd474e632,speedup.education,available,34.99,34.99,high,low,8,namesilo,,,
a1526f17-99c7-402f-b06a-a83af747c0b9,shortest.education,available,34.99,34.99,medium,low,8,namesilo,,,17/09/2026 14:24
778bbcd7-c094-4b07-8479-3417b7e332a1,leonine.education,available,34.99,34.99,medium,low,7,namesilo,,,22/08/2026 23:57
97867dff-2262-498a-908f-6570fc59c9ac,blacks.education,available,27.2,27.2,low,low,6,cloudflare,,,28/09/2026 18:09
d68c99ae-4eb7-4d2e-99b1-b16f393adabc,poet.education,available,34.99,34.99,high,low,4,namesilo,,,27/09/2026 05:01
5307cddf-a35b-4cc8-bef3-86cb93c4b1ff,mainz.education,available,27.2,27.2,high,low,5,cloudflare,,,28/09/2026 03:51
410483da-e27a-4f9a-834b-b1647736fcb6,tongan.education,available,34.99,34.99,high,low,6,namesilo,,,11/09/2026 17:06
e936f832-9ba5-41e8-a46e-5a5b3ddc4561,chiefs.education,available,34.99,34.99,medium,low,6,namesilo,,,18/09/2026 03:19
1a1b96a4-890d-47e6-be05-999181827f1a,expelled.education,available,36.98,46.98,medium,low,8,namecheap,,,28/09/2026 12:50
86d6a6ae-adae-413a-9d87-f8c599c92061,approving.education,available,34.99,34.99,medium,low,9,namesilo,,,06/08/2026 08:49
a1fcb398-32ee-4f07-be1a-bc31c67e2245,cathedra.education,available,36.98,46.98,high,low,8,namecheap,,,23/09/2026 21:50
7fc1b7f6-f3da-4d8e-a7e5-d60b2b8bb51c,kinda.education,available,21.11,28.32,high,low,5,porkbun,,,28/09/2026 16:02
99c7b233-c6d9-41f9-8d4b-a9922b8f40c3,required.education,available,36.98,46.98,high,low,8,namecheap,,,23/09/2026 18:27
4d09d3ad-775f-4bc3-8ea6-d641689b693e,palmar.education,available,34.99,34.99,medium,low,6,namesilo,,,04/09/2026 23:58
63a34989-719e-4e04-b516-3bcc1d9441ec,shortages.education,available,34.99,34.99,medium,low,9,namesilo,,,21/09/2026 03:14
f56a2d3a-d46f-4a50-8850-cc5c31062494,shane.education,available,34.99,34.99,high,low,5,namesilo,,,26/09/2026 03:35
d1d14f4f-dcc2-4f4f-8c49-f550da098312,christi.education,available,36.98,46.98,medium,low,7,namecheap,,,25/09/2026 21:26
784cad65-deea-40c2-adc1-83237410b80e,gao.education,available,34.99,34.99,high,low,3,namesilo,,,25/09/2026 06:16
97c6645e-94bf-4281-b5b4-6088ec7f908c,edmunds.education,available,27.2,27.2,medium,low,7,cloudflare,,,28/09/2026 16:36
0c4380b5-0057-4f21-92f3-71abf82d73c8,scurvy.education,available,34.99,34.99,medium,low,6,namesilo,,,
e172d674-ad27-4dec-8139-7932bbcf2450,unmatched.education,available,36.98,46.98,high,low,9,namecheap,,,25/09/2026 17:47
bc56564f-aaa3-43b9-bc37-af3c52614387,bagful.education,available,36.98,46.98,medium,low,6,namecheap,,,21/09/2026 17:57
74f868fa-aafb-45db-9f45-d1f834d1ad89,stink.education,available,28.15,28.15,high,low,5,spaceship,,,29/09/2026 19:15
50383d7b-28d4-463c-9e0a-44c7e0b6758c,inpatient.education,available,34.99,34.99,medium,low,10,namesilo,,,20/09/2026 21:46
a6711487-7d53-48a2-9329-5a9a6edb808d,voluminous.education,available,34.99,34.99,high,low,10,namesilo,,,13/08/2026 00:30
35b5c50b-b488-4f45-a4d0-3ef59348cf5b,nostrils.education,available,34.99,34.99,medium,low,8,namesilo,,,
a372130a-aa3c-462b-8305-028c9e2f5b7e,deary.education,available,39.99,45.99,high,low,5,name.com,,,13/08/2026 18:21
032d3c8a-4e91-43a7-95ed-dc3d8b08e489,barrow.education,available,34.99,34.99,medium,low,6,namesilo,,,22/09/2026 08:41
44b4f026-f66d-4e3b-9362-0268f7685a6d,receding.education,available,34.99,34.99,medium,low,8,namesilo,,,09/09/2026 11:16
c2bb344a-9085-4abe-a5c5-3568b6a5c488,hipped.education,available,34.99,34.99,high,low,6,namesilo,,,21/08/2026 09:41
805b7cf8-a348-4ff8-94ab-edc964acf36f,animism.education,available,39.99,45.99,medium,low,7,name.com,,,19/09/2026 09:19
d567db4d-fe05-47bb-9404-2a49d951938a,blinking.education,available,36.98,46.98,high,low,8,namecheap,,,22/09/2026 21:58
a1ecfcdb-3fb9-4d54-8293-c7beecfc7798,bestseller.education,available,34.99,34.99,high,low,10,namesilo,,,23/09/2026 10:31
d2d7637a-822d-4665-b9dc-1bc03c56ebf0,estado.education,available,39.99,,high,low,6,name.com,,,
4c4d2b36-0a63-45a5-8186-33f00b03225a,rattled.education,available,34.99,34.99,medium,low,7,namesilo,,,18/08/2026 09:33
faf64f79-3928-4faf-8c8e-23cbd6cacdbf,suspended.education,available,34.99,34.99,medium,low,9,namesilo,,,11/09/2026 04:55
2b56bd4f-815d-4ee5-b930-9aaaef542c83,tilefish.education,available,34.99,34.99,medium,low,8,namesilo,,,24/09/2026 04:04
f575353a-094c-48d0-92ac-7cbc071deccf,insist.education,available,34.99,34.99,high,low,6,namesilo,,,
f02c8975-9169-4c46-9224-0d79e96c4dfe,varied.education,available,36.98,46.98,medium,low,6,namecheap,,,28/09/2026 10:09
2e474ab3-162a-4094-ac56-0a605972cabb,icebound.education,available,34.99,34.99,medium,low,8,namesilo,,,21/08/2026 17:43
45d3e3b1-a076-4826-8644-95dff2f855a9,qualify.education,available,34.99,34.99,high,low,7,namesilo,,,28/09/2026 06:57
50a32bcf-06fa-4196-81da-f0b231e7343b,chore.education,available,21.62,29.11,high,low,5,dynadot,,,29/09/2026 09:00
dc115d4c-36e7-44ff-8181-0571a3813826,earnings.education,available,34.99,34.99,high,low,8,namesilo,,,29/09/2026 18:43
fc774074-9009-45f3-a397-09020759d2b3,mixable.education,available,34.99,34.99,medium,low,7,namesilo,,,25/08/2026 01:25
38ac5a27-2dee-408a-8270-cc00e56b280f,squander.education,available,34.99,34.99,medium,low,8,namesilo,,,13/09/2026 08:34
4357216b-97c2-434f-8937-a609eddf31cd,blurred.education,available,36.98,46.98,high,low,7,namecheap,,,22/09/2026 23:21
75b01d41-59d9-4b71-8668-7881ebc0fad6,herr.education,available,36.98,46.98,high,low,4,namecheap,,,28/09/2026 10:03
3ea09f2f-5604-479c-aa23-48d31d99c737,heather.education,available,34.99,34.99,high,low,7,namesilo,,,28/09/2026 05:22
28c2bc75-212b-48da-9c06-ab9f62c5640a,scanning.education,available,28.15,28.15,high,low,8,spaceship,,,28/09/2026 15:18
f1dc834a-7e3e-4b0b-b52c-0cee44d39e9d,receptions.education,available,34.99,34.99,medium,low,10,namesilo,,,20/09/2026 06:10
34cf590d-9798-4aad-b0e1-cbab65834155,benne.education,available,34.99,34.99,medium,low,5,namesilo,,,23/09/2026 08:27
485b1339-c380-417b-8f2f-b871ee3c7d1c,midst.education,available,34.99,34.99,medium,low,5,namesilo,,,11/09/2026 13:11
447e4495-7d0d-4b49-ba40-3fff3fe57f75,venetian.education,available,34.99,34.99,high,low,8,namesilo,,,13/09/2026 02:02
ea04865d-5dd2-482b-ae07-035391f22761,decimal.education,available,36.98,46.98,high,low,7,namecheap,,,13/08/2026 21:27
83b7d95e-e11f-4791-b51e-7ebad7b9950f,consecutive.education,available,34.99,34.99,medium,low,11,namesilo,,,29/09/2026 04:45
b6739118-e676-4f60-b994-13e60074217f,celebrity.education,available,34.99,34.99,high,low,9,namesilo,,,24/09/2026 13:24
fdf2447c-5d49-4581-b83c-0e589f65f1e3,thoughts.education,available,36.98,46.98,high,low,8,namecheap,,,16/09/2026 21:58
34a88bb8-e8a5-4ab2-8cc2-c78f7b87cd72,press.education,available,34.99,34.99,high,low,5,namesilo,,,25/09/2026 11:18
8d835f51-6662-48c1-b863-4596e489c6c1,grown.education,available,34.99,34.99,high,low,5,namesilo,,,08/09/2026 15:16
e02da2df-d2d1-402a-8576-32982970bea6,spreading.education,available,34.99,34.99,medium,low,9,namesilo,,,10/09/2026 16:45
63737b71-4ae1-4b3d-b2e9-3c1108484df2,oranges.education,available,27.2,27.2,medium,low,7,cloudflare,,,29/09/2026 23:38
f1e485e7-9b4e-4821-bbe4-718293f1940b,passenger.education,available,34.99,34.99,high,low,9,namesilo,,,27/09/2026 04:56
ec99b0ea-676d-4ac0-b650-2bf4fa623a9e,allergenic.education,available,34.99,34.99,medium,low,10,namesilo,,,
9aa3fc5a-b03b-45ab-ba22-e869935d158a,bankers.education,available,34.99,34.99,medium,low,7,namesilo,,,20/09/2026 11:37
f20b4b47-725d-460d-a258-a927568a7ab4,epiphyte.education,available,34.99,34.99,medium,low,8,namesilo,,,17/09/2026 13:14
a923565c-3171-4e07-a038-5e523de5bcbb,hadrian.education,available,36.98,46.98,medium,low,7,namecheap,,,17/09/2026 09:58
ffc78712-4b62-4e2a-b997-59696cccf1f7,playacting.education,available,36.98,46.98,medium,low,10,namecheap,,,
8c567640-8ce6-4755-bee4-efe52ba229c0,rectal.education,available,34.99,34.99,medium,low,6,namesilo,,,09/09/2026 11:51
2fed8f30-db7c-4e7e-ac0b-a897c10bf8a9,lung.education,available,28.15,28.15,high,low,4,spaceship,,,27/09/2026 14:50
99a93062-b759-4b84-80ff-69b3ad0e2543,erosion.education,available,34.99,34.99,high,low,7,namesilo,,,13/09/2026 09:06
138bc929-dab2-48b9-8dd4-5894b4742ab9,aliment.education,available,34.99,34.99,medium,low,7,namesilo,,,18/09/2026 07:56
56b5317e-12c8-4067-817d-7594ef344111,blackberry.education,available,34.99,34.99,high,low,10,namesilo,,,24/09/2026 02:06
6f06af7c-485c-493a-8307-284279503b75,merits.education,available,28.15,28.15,medium,low,6,spaceship,,,29/09/2026 16:29
30f413b2-e245-44eb-a432-92e9d1c4c774,fleecy.education,available,34.99,34.99,medium,low,6,namesilo,,,18/08/2026 07:42
858bd5dd-dab9-4da7-9030-c12b2a27d28c,arminius.education,available,34.99,34.99,medium,low,8,namesilo,,,20/09/2026 07:08
67e75d2a-68f9-42b0-b26c-9e7ba0dbedcd,moonlight.education,available,39.99,,high,low,9,name.com,,,
f4530a5e-c3b8-46b2-a76f-af37f4f73577,songs.education,available,36.98,46.98,high,low,5,namecheap,,,25/09/2026 19:03
5691a6af-6f31-4480-8dcb-6bc16efe7b38,moneyless.education,available,34.99,34.99,medium,low,9,namesilo,,,25/08/2026 04:43
e30a7820-9b88-4394-8cf1-c20839bbd608,credal.education,available,34.99,34.99,medium,low,6,namesilo,,,13/08/2026 05:52
b49fb8f9-b527-46d0-b563-102a7388b1b5,honduran.education,available,34.99,34.99,medium,low,8,namesilo,,,21/08/2026 13:17
8202751a-a84a-4d55-a381-6b6b792bca4d,mythologic.education,available,34.99,34.99,medium,low,10,namesilo,,,03/09/2026 12:33
5098aeac-b480-40be-a8a3-557ed0e3f904,batty.education,available,34.99,34.99,medium,low,5,namesilo,,,06/08/2026 20:35
f506b07e-d162-4b4e-9605-87e2df0fd754,asymptotic.education,available,34.99,34.99,medium,low,10,namesilo,,,07/08/2026 10:30
8031ae4c-69c9-4903-b80e-389340b69713,jugoslav.education,available,34.99,34.99,high,low,8,namesilo,,,13/09/2026 14:52
968a1580-5e8f-4b70-8ec2-893db73e4494,trumpery.education,available,34.99,34.99,medium,low,8,namesilo,,,18/08/2026 23:50
bd72a8fa-a477-478a-8907-bdfe85e01f02,shambles.education,available,34.99,34.99,medium,low,8,namesilo,,,16/09/2026 14:17
4ce433f8-5068-4422-a47e-9f61f6e10359,uneducated.education,available,34.99,34.99,medium,low,10,namesilo,,,12/09/2026 08:53
c03eed14-5136-487c-bc95-7001a7eed0ce,beryllium.education,available,36.98,46.98,medium,low,9,namecheap,,,20/09/2026 23:00
dc2f78f2-ecb3-48aa-a287-5360c65e741d,annalistic.education,available,34.99,34.99,high,low,10,namesilo,,,
2ecaab63-e9c8-49d3-bc08-48d063c42e56,aggressor.education,available,34.99,34.99,medium,low,9,namesilo,,,17/09/2026 17:41
33fa20c1-f7a8-49c9-a147-d66ba87cd379,contend.education,available,36.98,46.98,high,low,7,namecheap,,,29/09/2026 11:25
5d08404d-935f-4a21-82cb-864fe933f0d7,alcaic.education,available,36.98,46.98,high,low,6,namecheap,,,18/09/2026 03:46
309a55f7-42af-4f09-a923-f53e85595be7,cruise.education,available,36.98,46.98,high,low,6,namecheap,,,24/09/2026 19:51
13e52e71-a591-4d35-a63b-2641fd276e09,intrastate.education,available,34.99,34.99,high,low,10,namesilo,,,22/08/2026 08:45
5ed1a14f-b2c2-456d-9521-9e8ccb49e77a,fraternity.education,available,34.99,34.99,high,low,10,namesilo,,,28/09/2026 14:13
f0d3504c-c176-403d-af2a-7e6d5f8307e7,eastbound.education,available,34.99,34.99,high,low,9,namesilo,,,14/08/2026 22:50
96a3d842-8ab4-47fa-bef0-b37efa735bb8,syncope.education,available,36.98,46.98,medium,low,7,namecheap,,,17/08/2026 21:05
cc7da4d0-f93a-49fd-8270-60f9fee68c32,iridium.education,available,36.98,46.98,high,low,7,namecheap,,,20/09/2026 23:49
e5880bac-922a-4a0b-8c46-d6eb98d3c567,gustative.education,available,36.98,46.98,medium,low,9,namecheap,,,20/08/2026 21:08
6c031460-6893-4345-80eb-ca1d48922a77,bassine.education,available,36.98,46.98,medium,low,7,namecheap,,,22/09/2026 12:22
0d037e30-4108-4993-a89b-75817ecc5009,tijuana.education,available,21.62,29.11,medium,low,7,dynadot,,,29/09/2026 02:18
6cde0b63-c751-45a6-ae4d-11163cebea32,handled.education,available,34.99,34.99,high,low,7,namesilo,,,20/08/2026 23:28
4075b608-580e-4907-aea0-e28f9897614d,dinesen.education,available,34.99,34.99,medium,low,7,namesilo,,,22/09/2026 07:24
cf9d9b23-bd84-4dfc-8803-e595866b05a9,describing.education,available,34.99,34.99,medium,low,10,namesilo,,,29/09/2026 04:44
d0d98b25-9899-4ea6-92a4-eac86250927a,eolotropic.education,available,34.99,34.99,medium,low,10,namesilo,,,
4ccab7a3-08e3-4416-ac64-39198e21f24a,puzzles.education,available,34.99,34.99,medium,low,7,namesilo,,,18/09/2026 10:35
bdec1ea8-e2ea-42fc-9cf9-b6342f699b24,captious.education,available,36.98,46.98,medium,low,8,namecheap,,,11/08/2026 18:18
0d3daa1c-1c4d-477c-a43d-11f652b305bf,catatonic.education,available,36.98,46.98,medium,low,9,namecheap,,,11/08/2026 21:14
304b601d-a061-47d7-903d-211608fe0821,dumbarton.education,available,34.99,34.99,medium,low,9,namesilo,,,29/09/2026 04:37
98a6de12-8ee2-4f85-94f6-3514ba051c9d,chaste.education,available,34.99,34.99,high,low,6,namesilo,,,12/08/2026 03:11
88313d07-7b25-48b9-9c67-cd0daf3abbf0,husbandry.education,available,34.99,34.99,high,low,9,namesilo,,,17/08/2026 22:35
cbfa4a40-11e8-4b3a-80ee-1415b7191568,tortious.education,available,36.98,46.98,medium,low,8,namecheap,,,11/09/2026 17:59
940dd614-342e-4d6e-9ef9-7a54479e3213,regards.education,available,34.99,34.99,medium,low,7,namesilo,,,28/09/2026 12:38
8cd6bf78-86bd-4b3d-8b9a-7968542f4f1d,timorese.education,available,34.99,34.99,medium,low,8,namesilo,,,11/09/2026 16:04
c1d40f14-53a5-4ca5-b920-2e25129f5da1,scared.education,available,34.99,34.99,medium,low,6,namesilo,,,18/08/2026 15:38
704c730c-1601-4b39-870f-9190f1565504,agricola.education,available,36.98,46.98,high,low,8,namecheap,,,17/09/2026 19:19
46a06aa1-6868-4ead-bdbd-df6b3b451f07,asimina.education,available,36.98,46.98,medium,low,7,namecheap,,,20/09/2026 14:10
5a919058-64f6-441a-a898-996daad0f841,homophobic.education,available,34.99,34.99,medium,low,10,namesilo,,,21/08/2026 13:04
b2f2504a-7529-454f-b531-5177d586f021,cheerleader.education,available,27.2,27.2,high,low,11,cloudflare,,,29/09/2026 21:07
644b6fd3-2fe1-4c03-b768-3ea6dd87f376,backfield.education,available,34.99,34.99,high,low,9,namesilo,,,21/09/2026 15:27
a441bebc-8f25-4348-bc58-f533c7361c1d,reluctant.education,available,34.99,34.99,medium,low,9,namesilo,,,24/08/2026 08:21
2bc2976a-4e35-46fe-84e1-79f45723ac6f,taxation.education,available,34.99,34.99,high,low,8,namesilo,,,
2b96c74c-82d1-4cb3-9fb1-011e5cf2fd21,flyers.education,available,28.15,28.15,medium,low,6,spaceship,,,29/09/2026 16:42
f6fbd7fb-0855-4d02-9194-65642eeebb55,seekers.education,available,34.99,34.99,medium,low,7,namesilo,,,21/09/2026 07:32
222c1de0-d8c9-4c3d-b7d7-73f3aae4ad8d,dingy.education,available,34.99,34.99,medium,low,5,namesilo,,,09/08/2026 09:20
1ee07785-12e9-41b3-b912-702ac9f4a27e,axilla.education,available,34.99,34.99,medium,low,6,namesilo,,,20/09/2026 07:40
91cfbd36-acfa-43b2-98da-87764488b26e,marang.education,available,34.99,34.99,medium,low,6,namesilo,,,20/09/2026 12:01
1bec6d11-87e7-44c2-bd94-3eb8cab09fe5,sedgwick.education,available,34.99,34.99,medium,low,8,namesilo,,,28/09/2026 16:41
31a18739-5f6a-4763-b517-4bc52216fffc,fate.education,available,28.15,28.15,high,low,4,spaceship,,,29/09/2026 09:19
131d186d-6e4c-4eb8-8d94-483836897d92,traders.education,available,39.99,,high,low,7,name.com,,,
5c2f5cd4-edd7-4153-a9c1-77cf9d8cddfc,sailed.education,available,34.99,34.99,high,low,6,namesilo,,,17/09/2026 07:33
75df196c-163a-4a00-ac9a-1d85b0b5fd93,furnishing.education,available,21.62,29.11,high,low,10,dynadot,,,28/09/2026 02:47
53f48601-f119-4777-8b74-f6f76176d472,belorussia.education,available,34.99,34.99,medium,low,10,namesilo,,,23/09/2026 04:27
ea3e1e40-bb51-4ff8-9598-2c2f0ecc6543,approaches.education,available,28.15,28.15,high,low,10,spaceship,,,28/09/2026 06:41
f2776f21-2351-421c-9572-a362db64b712,xxiii.education,available,34.99,34.99,high,low,5,namesilo,,,
25e65b8b-9f27-40ee-b504-c70bb29a91cb,afrl.education,available,34.99,34.99,medium,low,4,namesilo,,,17/09/2026 15:27
74fbe12e-0db9-4d9d-a27f-d045f9381128,show.education,premium,78.54,78.54,high,low,4,namesilo,,,24/09/2026 16:06
0e275021-d082-4547-851e-90a664064601,adman.education,available,34.99,34.99,medium,low,5,namesilo,,,17/09/2026 08:40
4eb60112-a44d-4464-8280-2df94d5fb336,questionable.education,available,28.15,28.15,high,low,12,spaceship,,,29/09/2026 02:59
87beedf5-e091-4cef-be3c-6e5b34fe3670,september.education,available,34.99,34.99,high,low,9,namesilo,,,
f8cabf3a-777f-47bd-8f0d-e443e6b43b04,joliet.education,available,34.99,34.99,medium,low,6,namesilo,,,29/09/2026 01:26
a36b4844-72ce-43b2-9a90-18554d19344a,consistency.education,available,28.15,28.15,high,low,11,spaceship,,,29/09/2026 16:04
e465a21d-8d5c-40dd-9127-f9df018d5ecd,loyal.education,available,34.99,34.99,high,low,5,namesilo,,,25/09/2026 15:30
d372b90b-15f6-4d9e-b7d8-7ad2a74143e3,gossipy.education,available,36.98,46.98,medium,low,7,namecheap,,,20/08/2026 17:09
cd9d4307-4a4d-4da3-a7e8-6d8985fc965a,cia.education,available,36.98,46.98,high,medium,3,namecheap,,,24/09/2026 13:36
5e88941b-8454-498b-a809-221a421b994c,auric.education,available,34.99,34.99,medium,low,5,namesilo,,,07/08/2026 17:36
820c5872-052d-401c-9f5b-e58cf8aeedc9,accentual.education,available,34.99,34.99,medium,low,9,namesilo,,,
bd51640b-ce25-4357-b6ac-eaccfd7fa150,ards.education,available,34.99,34.99,medium,low,4,namesilo,,,17/09/2026 10:14
59480f4c-7119-4917-886f-0093fee651e4,jumped.education,available,34.99,34.99,medium,low,6,namesilo,,,25/09/2026 19:41
1ff759a3-1ec4-4f35-9a89-9c49bb459d89,bilge.education,available,36.98,46.98,high,low,5,namecheap,,,23/09/2026 15:50
0f6e06bf-46f6-4527-a5a9-e292a0f6bd6b,dated.education,available,39.99,45.99,medium,low,5,name.com,,,13/08/2026 18:40
b5341fd0-85bd-4603-b364-cd0737742bb8,anthozoa.education,available,34.99,34.99,medium,low,8,namesilo,,,17/09/2026 05:01
424efd41-3cf8-4e54-b7be-3ed12c9464a2,spill.education,available,28.15,28.15,high,low,5,spaceship,,,27/09/2026 15:56
104d5bd9-1121-4db6-87f3-13713b105d9c,ascus.education,available,34.99,34.99,high,low,5,namesilo,,,20/09/2026 13:28
f09ca682-370d-45e6-8fe7-120ae82fc8db,bette.education,available,34.99,34.99,medium,low,5,namesilo,,,29/09/2026 15:28
93104b87-3a9f-4189-8ffe-771e60b75ad9,possessions.education,available,27.2,27.2,low,low,11,cloudflare,,,28/09/2026 17:10
2daef270-91fc-4761-8f25-fd73bdec444a,dogmatic.education,available,34.99,34.99,medium,low,8,namesilo,,,14/08/2026 15:09
29f6c4e9-10c7-457a-9dc7-f5b1189db051,broom.education,available,34.99,34.99,high,low,5,namesilo,,,24/09/2026 10:47
9f49d1cd-5fc7-47bc-b8fa-3c719ec74ab8,protesting.education,available,28.15,28.15,high,low,10,spaceship,,,29/09/2026 08:58
f789915b-cd19-49af-b555-cb721cc6f4d4,lactic.education,available,34.99,34.99,medium,low,6,namesilo,,,04/09/2026 08:23
b8a3df49-3e06-445d-93ac-fdf6936c2019,cared.education,available,36.98,46.98,medium,low,5,namecheap,,,25/09/2026 19:49
a6524cd0-c6df-44e6-94b1-6934babc12b9,nettlesome.education,available,34.99,34.99,medium,low,10,namesilo,,,
103a0bc1-5885-41fe-8666-fab2218f53fe,lugosi.education,available,36.98,46.98,high,low,6,namecheap,,,23/09/2026 04:23
17c7fa2b-4c5f-4d02-a99e-4ce32e666a02,ascension.education,available,34.99,34.99,high,low,9,namesilo,,,07/08/2026 00:30
a17f5f97-d51a-42cb-8f49-e463152e661c,arthropoda.education,available,34.99,34.99,high,low,10,namesilo,,,20/09/2026 10:41
2903dbf4-d080-4f6a-b716-93d2f17f7c3d,solemn.education,available,34.99,34.99,high,low,6,namesilo,,,14/08/2026 22:33
b9d4b04f-a507-42db-aef6-128d5fafed86,bine.education,available,34.99,34.99,medium,low,4,namesilo,,,23/09/2026 17:13
993a1961-486d-40e8-9110-6864414dc863,retraction.education,available,34.99,34.99,high,low,10,namesilo,,,16/09/2026 15:59
9b1555ef-935e-47e9-be9f-c4b92c05d154,pleasant.education,available,36.98,46.98,high,low,8,namecheap,,,27/09/2026 04:06
3f2f25d0-2090-468c-abb6-9bf3605ad76d,funny.education,available,36.98,46.98,high,low,5,namecheap,,,23/09/2026 15:21
f430fd0c-a030-4207-a719-6148c12429d7,arundo.education,available,36.98,46.98,medium,low,6,namecheap,,,20/09/2026 12:25
9843530e-7541-43d0-8121-afc78bbefa27,elaborate.education,available,36.98,46.98,high,low,9,namecheap,,,24/09/2026 07:12
331cbad8-8019-4031-8565-90e8307eaa54,antonymous.education,available,34.99,34.99,medium,low,10,namesilo,,,05/08/2026 20:16
f2e2d08e-9ac1-4720-82cf-7624398a7782,verge.education,available,36.98,46.98,high,low,5,namecheap,,,28/09/2026 18:30
edfa795b-a53d-4078-8748-2eca5023d31f,filmy.education,available,34.99,34.99,high,low,5,namesilo,,,12/08/2026 14:28
73d4aecc-50b5-4ac6-aaf9-c4681feec777,concepts.education,available,28.15,28.15,medium,low,8,spaceship,,,29/09/2026 22:50
c55a8da0-818c-4fb6-b30e-323a82b2d1cf,asparagus.education,available,34.99,34.99,high,low,9,namesilo,,,20/09/2026 14:40
f2fca6c2-9e9f-4202-838b-3d2cefd293ab,plucky.education,available,34.99,34.99,high,low,6,namesilo,,,18/08/2026 00:47
787fdd37-bd6b-499a-b488-c58b604fe331,demands.education,available,34.99,34.99,low,low,7,namesilo,,,27/09/2026 10:52
a6590a4c-296c-42a5-9c4d-c6171644f765,closure.education,available,34.99,34.99,high,low,7,namesilo,,,24/09/2026 15:56
be027d18-c171-4b2a-be03-b381a0aab1ef,hereabout.education,available,34.99,34.99,medium,low,9,namesilo,,,15/09/2026 00:18
abae8616-d08a-4271-b2e4-a6eff1c6b8df,tasty.education,available,34.99,34.99,high,low,5,namesilo,,,11/09/2026 09:04
730172fe-ce32-4105-b279-2de38aaff78d,ibn.education,available,36.98,46.98,medium,low,3,namecheap,,,25/09/2026 21:32
4bd94604-c1f9-40b0-9005-5ff9a8513399,rummy.education,available,34.99,34.99,high,low,5,namesilo,,,13/08/2026 11:16
f76ff016-a54d-4fb5-85b5-a4d3d40a1ea5,nailed.education,available,34.99,34.99,medium,low,6,namesilo,,,18/09/2026 21:49
8d728f26-1a5d-4cfa-b848-582bfcea5be8,couple.education,available,21.62,29.11,high,low,6,dynadot,,,29/09/2026 11:48
cfaefa44-5805-4770-a1c5-ca243e4101e0,pizarro.education,available,27.2,27.2,medium,low,7,cloudflare,,,30/09/2026 01:41
b55eec3d-dc9b-49f9-9a4d-dd1309b8b394,study.education,premium,68.51,68.51,high,low,5,spaceship,,,29/09/2026 04:59
1e2120db-0f4a-482d-bc0c-a848589a7496,hope.education,resell,,,high,medium,4,"Sav.com, LLC",27/01/2026 17:04,27/01/2027 17:04,26/09/2026 06:43
75ef4e0d-2b23-4a7d-8288-ca050c3eb846,alert.education,available,34.99,34.99,high,low,5,namesilo,,,
b2cea61f-74dd-4cc7-a86b-bcbfb4e6240f,galilean.education,available,36.98,46.98,high,low,8,namecheap,,,18/08/2026 19:37
1d305089-e968-4a52-962d-26b076e01193,pabulum.education,available,36.98,46.98,medium,low,7,namecheap,,,12/08/2026 18:49
96d3f21c-d182-44ee-8bbe-e60d32abeb87,grassroots.education,available,39.99,,high,low,11,name.com,,,
562defd2-a2b4-4c47-b3c0-5d9864e920e1,gettable.education,available,34.99,34.99,high,low,8,namesilo,,,18/08/2026 23:02
6b8d9846-ac94-41b0-9a95-f0c5f9122573,franck.education,available,34.99,34.99,high,low,6,namesilo,,,29/09/2026 00:24
53ab14ef-31dd-494c-8559-b5a8dc0cfe2c,bade.education,available,34.99,34.99,high,low,4,namesilo,,,21/09/2026 17:00
f248c951-033c-4eeb-80bd-18a2e72254c1,conversation.education,available,34.99,34.99,high,low,12,namesilo,,,26/09/2026 00:44
ccfa292d-3878-473d-9611-2aed4248d966,unassured.education,available,34.99,34.99,medium,low,9,namesilo,,,12/09/2026 01:14
5c7228a0-3a12-4a67-8b84-ddd79579e356,great.education,premium,78.54,78.54,high,medium,5,namesilo,,,22/09/2026 16:53
25f18748-a8bf-48d4-86a1-ee220bb42500,saturdays.education,available,21.62,29.11,high,low,9,dynadot,,,29/09/2026 15:55
b0901c85-d80c-40fc-a960-df302735626d,redmond.education,available,28.15,28.15,medium,low,7,spaceship,,,28/09/2026 11:41
2206772e-748f-4c59-a599-d63493e51c36,borden.education,available,36.98,46.98,high,low,6,namecheap,,,28/09/2026 07:29
2d74c38a-089f-4b16-8515-04dfda98b979,flippant.education,available,34.99,34.99,medium,low,8,namesilo,,,18/08/2026 08:32
623a6597-218d-4eb1-a696-57de59317c03,hunger.education,available,34.99,34.99,high,low,6,namesilo,,,29/09/2026 23:24
1cae4249-12f8-4205-b798-61de20788ce7,getting.education,available,27.2,27.2,high,low,7,cloudflare,,,28/09/2026 17:59
8ebfc40d-0a8f-4c67-a143-1f26ee752fcd,swimming.education,premium,78.54,78.54,high,low,8,namesilo,,,03/09/2026 12:48
78b20e1e-bf6e-4b34-ab49-199821fd4ebd,slaves.education,available,28.15,28.15,medium,low,6,spaceship,,,27/09/2026 23:05
9e360814-0f9b-422b-b4d8-3478138c1532,horrific.education,available,34.99,34.99,medium,low,8,namesilo,,,14/08/2026 08:59
8891788b-0106-4083-b321-30cf338f1b67,barium.education,available,34.99,34.99,high,low,6,namesilo,,,20/09/2026 23:19
5e253800-2569-4d2c-9da3-cb81203f5101,personally.education,available,34.99,34.99,high,low,10,namesilo,,,28/09/2026 15:35
51873417-fde7-49de-8f58-e0e6e652eb55,unposed.education,available,34.99,34.99,medium,low,7,namesilo,,,12/09/2026 17:15
66e8c063-ce1e-4b01-a810-bb9dd3fd92e0,dysphoric.education,available,34.99,34.99,medium,low,9,namesilo,,,14/08/2026 22:07
6e5bc090-354e-491c-b4d6-b8a4a887357c,snapped.education,available,34.99,34.99,medium,low,7,namesilo,,,18/09/2026 06:52
b2303738-b315-437f-ab6d-3400202a6297,common.education,available,34.99,34.99,high,low,6,namesilo,,,23/09/2026 15:53
d305e687-d8f7-4c2c-907c-6937b774e549,songbird.education,available,34.99,34.99,high,low,8,namesilo,,,
0ca48cc1-c804-401b-80f2-6bea5918b7e0,warty.education,available,34.99,34.99,medium,low,5,namesilo,,,13/09/2026 04:24
48bc9205-e79e-4c03-aed8-56900c604bef,admit.education,available,34.99,34.99,high,low,5,namesilo,,,26/09/2026 00:34
14d24f8b-6a6f-4fe7-a155-ae91ee80609b,hildebrand.education,available,21.62,29.11,medium,low,10,dynadot,,,30/09/2026 01:47
25dccc9b-31d5-4679-b83c-736eab5b988d,lille.education,available,34.99,34.99,high,low,5,namesilo,,,28/09/2026 06:10
c43d2b92-967f-4bc8-a6d4-7dcd22e298bc,backwater.education,available,34.99,34.99,high,low,9,namesilo,,,21/09/2026 16:21
747b7573-bc68-458a-9a64-84749cf6a58a,proclaiming.education,available,34.99,34.99,high,low,11,namesilo,,,
a4494f0d-691a-4cb4-b0e8-a6235851b6d6,tonal.education,available,34.99,34.99,high,low,5,namesilo,,,11/09/2026 16:59
6c12ceba-ef04-4ad8-b42f-e279d70c68fb,associated.education,available,27.2,27.2,medium,low,10,cloudflare,,,28/09/2026 08:17
7e58a961-2289-4901-925d-e78fe7fc822e,tuscaloosa.education,available,28.15,28.15,medium,low,10,spaceship,,,29/09/2026 02:27
e5a3ff28-005e-47b3-a91f-ea51ce040ab6,moe.education,premium,78.54,78.54,high,medium,3,namesilo,,,28/09/2026 12:10
7f88e0ed-74ad-4be8-89d0-3d26575222a6,acridid.education,available,34.99,34.99,medium,low,7,namesilo,,,17/09/2026 02:59
da282531-178f-421b-a285-6ab49163b6f5,ingredient.education,available,34.99,34.99,high,low,10,namesilo,,,24/09/2026 16:51
098c3be7-3872-4a3a-9d38-71ca40a38df8,fractional.education,available,34.99,34.99,high,low,10,namesilo,,,18/08/2026 13:52
f2dfa9a6-502e-4628-8a9f-6c35ec0c26c5,custody.education,available,36.98,46.98,high,low,7,namecheap,,,24/09/2026 20:41
dde432bf-b94d-4e49-86a4-1a50df068539,nosocomial.education,available,34.99,34.99,low,low,10,namesilo,,,03/09/2026 21:56
d61dbf2e-c05d-4f1d-be0d-8fca6b5f7e4c,sicily.education,available,21.11,28.32,medium,low,6,porkbun,,,28/09/2026 20:27
4389f664-199b-4434-88fa-f7387d81c19a,speckled.education,available,34.99,34.99,medium,low,8,namesilo,,,14/08/2026 16:34
50f4aa04-a151-44af-aca4-c97f78cec743,venial.education,available,34.99,34.99,medium,low,6,namesilo,,,18/08/2026 12:00
29bdd82e-de9e-4442-ac22-97cb708cdbbd,sneak.education,available,34.99,34.99,high,low,5,namesilo,,,23/09/2026 12:44
be05eb28-2ada-4353-b5c9-ef08e4f7d917,governing.education,available,36.98,46.98,high,low,9,namecheap,,,20/08/2026 17:20
dd02dfdd-83bc-4da1-b53c-775d4179935f,balancing.education,available,36.98,46.98,high,low,9,namecheap,,,21/09/2026 20:56
41a0a67c-23c0-4e58-827f-0045b32436fa,tinkling.education,available,34.99,34.99,medium,low,8,namesilo,,,11/09/2026 16:13
6fd70948-81eb-4f2e-89da-f0422aaeae46,fellowman.education,available,36.98,46.98,medium,low,10,namecheap,,,21/09/2026 03:03
e194ebad-e045-4593-b25b-52325fbe04f7,estuaries.education,available,34.99,34.99,low,low,9,namesilo,,,28/09/2026 12:58
61cb935e-37f2-4da5-96cd-00547f567b8c,troy.education,available,28.15,28.15,high,low,4,spaceship,,,29/09/2026 19:15
269f3fcd-e296-4bfc-b24c-bb7b7793fbe1,tucked.education,available,36.98,46.98,high,low,6,namecheap,,,11/09/2026 21:02
bc2a14a6-511e-459c-a467-d181ab9636e1,offence.education,available,34.99,34.99,medium,low,7,namesilo,,,04/09/2026 01:34
18bf5455-68b8-4431-845c-787454c914ba,duplicate.education,available,34.99,34.99,high,low,9,namesilo,,,24/09/2026 11:48
358d7bc1-94ca-4c96-9f1a-cc0b7e29aab8,animus.education,available,34.99,34.99,medium,low,6,namesilo,,,19/09/2026 09:22
336789a4-7f30-4e38-a08b-45163c06a0ea,cresson.education,available,34.99,34.99,medium,low,7,namesilo,,,13/08/2026 06:16
a298fe60-d097-4004-b907-59c9abb0addd,goosy.education,available,34.99,34.99,medium,low,5,namesilo,,,14/08/2026 16:07
331c5701-127d-43dc-b729-4190e2755bff,abdicable.education,available,34.99,34.99,medium,low,9,namesilo,,,
e705e7b5-fb9d-45c9-864d-27ed8daa8e5d,seize.education,available,36.98,46.98,high,low,5,namecheap,,,23/09/2026 20:08
f495db01-4e4c-4414-99de-dbb469bc824e,uveous.education,available,34.99,34.99,low,low,6,namesilo,,,13/09/2026 00:24
6c2851f8-2912-41e3-ad1f-cf2542116627,bulgarian.education,available,34.99,34.99,high,low,9,namesilo,,,11/08/2026 08:23
1eefa801-802f-42c4-b357-d0d61f1af491,spiders.education,available,34.99,34.99,medium,low,7,namesilo,,,16/09/2026 05:32
5aabf2f0-adab-4d05-a0a6-49ac7b606036,notifies.education,available,34.99,34.99,medium,low,8,namesilo,,,18/09/2026 08:35
ade02fa0-eb88-4513-b2e2-ac3ef21e1d87,postscript.education,available,34.99,34.99,high,low,10,namesilo,,,17/09/2026 06:45
c742f36a-985f-424d-9c24-e8f1cdca629b,guarded.education,available,36.98,46.98,high,low,7,namecheap,,,20/08/2026 20:41
a2822ea5-88af-48e6-b514-156e4a7628b3,castrate.education,available,34.99,34.99,medium,low,8,namesilo,,,16/08/2026 07:07
0d93f241-cbdd-4f26-a54b-244ed606d8b9,antiquary.education,available,36.98,46.98,medium,low,9,namecheap,,,
824edbf8-ba18-40dd-a45a-17395bf7498d,sporting.education,available,36.98,46.98,high,low,8,namecheap,,,09/08/2026 18:15
d8249f4a-e4aa-41e4-b313-08fbee174a3c,rye.education,available,34.99,34.99,medium,low,3,namesilo,,,28/09/2026 15:17
77282b34-5de0-4058-af53-fa1d4285c641,wolves.education,available,21.62,29.11,high,low,6,dynadot,,,28/09/2026 04:21
0558512d-a77a-4a7e-88c8-e02c0719f3a5,endogenic.education,available,34.99,34.99,medium,low,9,namesilo,,,17/08/2026 01:13
15b479a0-8589-4343-acb8-25eb6ddbb1a4,insider.education,available,28.15,28.15,high,low,7,spaceship,,,29/09/2026 19:20
c4b99bae-a31e-4696-b7bc-5a3d7cc41a60,murmuring.education,available,34.99,34.99,high,low,9,namesilo,,,03/09/2026 11:06
f72f7cff-2bff-40b7-9a27-65d671698416,clothes.education,available,36.98,46.98,high,low,7,namecheap,,,28/09/2026 21:50
ac834e92-3ccf-4318-89fe-ba214efc783b,washout.education,available,36.98,46.98,medium,low,7,namecheap,,,14/08/2026 20:57
239eefc9-e4d6-44f4-be5e-1bbb132ba65c,booster.education,available,34.99,34.99,high,low,7,namesilo,,,17/09/2026 08:57
59636ef0-0f36-4c1c-ad54-cd902fc96eb1,forfeiture.education,available,34.99,34.99,medium,low,10,namesilo,,,18/08/2026 11:45
0b1bbdeb-db53-4d82-8fb0-be8201f97487,towel.education,available,34.99,34.99,high,low,5,namesilo,,,28/09/2026 03:13
aaff7726-5c7c-4c5a-b1aa-068eee724ffd,assisted.education,available,21.62,29.11,high,low,8,dynadot,,,28/09/2026 23:42
76e8410a-ca33-4ce5-8b5d-7ce3aa6cdf55,borderline.education,available,34.99,34.99,high,low,10,namesilo,,,23/09/2026 00:01
c59dfef3-6b84-4fcb-af9b-13d7deb13411,mirage.education,available,34.99,34.99,high,low,6,namesilo,,,29/09/2026 13:27
7d735758-42e0-483f-920a-db485f36e3c4,blemished.education,available,34.99,34.99,medium,low,9,namesilo,,,10/08/2026 14:12
d61fe8e9-3141-47c8-bb27-dd2ed91a0667,scalp.education,available,28.15,28.15,high,low,5,spaceship,,,29/09/2026 08:01
fd8d7d92-6be5-4900-b25c-40a63513cafd,royce.education,available,27.2,27.2,high,low,5,cloudflare,,,28/09/2026 04:09
57a5b4b1-4015-4eeb-915f-0540e1535277,opinion.education,available,27.2,27.2,high,low,7,cloudflare,,,27/09/2026 16:53
48e70a78-ee93-439a-bfbb-3f5d7b8d77a8,oleaceous.education,available,34.99,34.99,medium,low,9,namesilo,,,04/09/2026 02:06
4bdc8673-8067-486d-b5fe-0207e0a9f0a3,pantheist.education,available,34.99,34.99,medium,low,9,namesilo,,,05/09/2026 01:06
9cc31736-98de-4c57-8ad1-da1bbca59f66,treasurer.education,available,28.15,28.15,high,low,9,spaceship,,,29/09/2026 12:21
4289c57b-b59f-4f35-acf8-57e8fc05dcb7,imaging.education,available,28.15,28.15,high,low,7,spaceship,,,29/09/2026 19:16
cf788dc4-55db-4ba5-b5ad-8b69530791bc,fordable.education,available,34.99,34.99,medium,low,8,namesilo,,,18/08/2026 11:24
fe772159-684c-4a38-bf63-1b1655205d3b,romero.education,available,28.15,28.15,medium,low,6,spaceship,,,29/09/2026 21:33
6e3fe059-b5fa-4f2a-9816-6ac3330d734e,pornography.education,available,21.62,29.11,medium,low,11,dynadot,,,28/09/2026 12:37
f4abed33-f26e-4260-a741-79de32041c46,frisky.education,available,34.99,34.99,high,low,6,namesilo,,,18/08/2026 16:02
a00d8cd8-db96-45b8-8025-31063b79bf2e,attribute.education,available,34.99,34.99,high,low,9,namesilo,,,21/09/2026 02:16
e809af74-02cc-4e39-9170-b5412cbd25fe,bombast.education,available,36.98,46.98,medium,low,7,namecheap,,,24/09/2026 03:35
15975de2-333d-4e27-a4db-e5d8a2b53900,basiliscus.education,available,34.99,34.99,medium,low,10,namesilo,,,22/09/2026 10:53
45a50285-04a6-42bb-b6b0-efb28e055948,archdeacon.education,available,36.98,46.98,medium,low,10,namecheap,,,20/09/2026 01:53
5acddeff-54cd-46cf-851c-05f00a7ba555,grazing.education,available,28.15,28.15,high,low,7,spaceship,,,29/09/2026 01:08
cfc264fd-fcb4-408b-b05d-bf8af91d0f78,undefeated.education,available,34.99,34.99,high,low,10,namesilo,,,12/09/2026 07:12
4c2642c8-104b-4401-8925-a7494d305153,unlabeled.education,available,34.99,34.99,medium,low,9,namesilo,,,12/09/2026 14:28
582257e4-9a78-4f10-88e1-6d84e0fdfe64,alacritous.education,available,34.99,34.99,medium,low,10,namesilo,,,
db943ea4-5926-4c86-ae7b-ac578907de24,bagatelle.education,available,36.98,46.98,medium,low,9,namecheap,,,21/09/2026 17:53
1b8b3da4-af2f-4900-aedf-a7a1a6c1ca76,outta.education,available,27.2,27.2,medium,low,5,cloudflare,,,29/09/2026 20:53
8b1caedd-cd76-4b97-961b-01bf95d4bf10,accomplice.education,available,34.99,34.99,high,low,10,namesilo,,,16/09/2026 22:50
0bb5ed44-2888-4dc0-b4ca-2ca66b59f034,amon.education,available,36.98,46.98,high,low,4,namecheap,,,18/09/2026 18:27
9a6a5e75-c8a4-4bf8-8089-bea926408902,levine.education,available,34.99,34.99,medium,low,6,namesilo,,,25/09/2026 16:14
6fd37c65-280d-4a6d-9995-aec979349c0e,yuan.education,available,21.62,29.11,high,low,4,dynadot,,,29/09/2026 07:27
80acecbb-b72e-43d8-8ede-504d0b2df35a,undeniably.education,available,34.99,34.99,medium,low,10,namesilo,,,16/09/2026 09:52
2b7e3b1d-6b31-4789-b155-216550d3080d,glances.education,available,36.98,46.98,medium,low,7,namecheap,,,18/09/2026 02:11
9606bc2b-5983-449d-a7a8-ac906f1c10ce,xvi.education,available,34.99,34.99,medium,low,3,namesilo,,,21/09/2026 11:49
b6ca663b-0ca3-4f60-bc87-0be8fc2114d5,delle.education,available,28.15,28.15,medium,low,5,spaceship,,,28/09/2026 07:54
736aff25-cfe0-4754-b103-d20e52e5caa7,bought.education,available,34.99,34.99,high,low,6,namesilo,,,
ba16d293-86f8-4ac7-8972-2fd3d2ec28a3,peppy.education,available,34.99,34.99,high,low,5,namesilo,,,08/09/2026 15:44
decbd6a5-7193-4e8b-abe9-f1cb5b64745f,slaughtered.education,available,34.99,34.99,medium,low,11,namesilo,,,29/09/2026 05:12
55da996f-49f2-44cd-ba31-b4d8803c852c,sustenance.education,available,34.99,34.99,high,low,10,namesilo,,,18/09/2026 07:54
2709a1de-3d29-4ac1-b190-9b7981e8bc83,wavering.education,available,34.99,34.99,medium,low,8,namesilo,,,13/09/2026 00:41
062f2a4b-56e5-4732-9664-1507c72c340b,err.education,available,34.99,34.99,high,low,3,namesilo,,,
2d08138a-93cc-458e-9472-eb90f0a802f8,yao.education,available,28.15,28.15,high,low,3,spaceship,,,28/09/2026 07:58
4fd979c0-b7a7-420a-a6d2-bd85a16cb5f2,debut.education,available,36.98,46.98,high,low,5,namecheap,,,24/09/2026 21:09
bce05fc5-9e1a-4ae8-822e-fe4e287490d3,editors.education,available,28.15,28.15,medium,low,7,spaceship,,,29/09/2026 17:03
608beb15-7395-4e0b-b8cb-22eff2820a9f,periods.education,available,28.15,28.15,medium,low,7,spaceship,,,28/09/2026 18:01
03b49d80-3f05-4431-b615-7be5d10cb2ad,sentimental.education,available,34.99,34.99,high,low,11,namesilo,,,28/09/2026 03:30
13159ae3-e985-4f7f-bb15-de4bd5810bfe,panoptical.education,available,34.99,34.99,medium,low,10,namesilo,,,05/09/2026 01:03
ad9608fd-d673-4484-9ec8-c9b9ab79c14b,celebrated.education,available,34.99,34.99,high,low,10,namesilo,,,11/08/2026 23:10
7594c3f6-9991-4c4c-93da-40c0141f14b4,reflection.education,available,34.99,34.99,high,low,10,namesilo,,,25/09/2026 22:24
2e0eee4d-7e98-487a-b2b4-4b5b34d679eb,reduction.education,available,28.15,28.15,high,low,9,spaceship,,,29/09/2026 07:57
6ccd9f31-f1bf-4f1f-afc5-748976bd3178,cosmonaut.education,available,36.98,46.98,high,low,9,namecheap,,,20/09/2026 18:01
12a67e9a-6571-4bc5-a5fc-60f808f546ae,rhymed.education,available,34.99,34.99,high,low,6,namesilo,,,09/09/2026 16:51
4b423774-e77c-4564-8b29-522a0f32d64b,somnolent.education,available,34.99,34.99,medium,low,9,namesilo,,,10/09/2026 11:38
66b734b5-019d-4eb2-9439-6c84d09966c6,hollering.education,available,34.99,34.99,high,low,9,namesilo,,,23/09/2026 06:21
9c1d45d3-4d2b-4701-8541-c554a92868c2,superb.education,available,34.99,34.99,high,low,6,namesilo,,,23/09/2026 09:28
1bcfd819-b185-4dba-837a-1f212d8369ff,huntingdon.education,available,28.15,28.15,medium,low,10,spaceship,,,28/09/2026 17:57
31b86a00-6a36-49c2-9e17-3a2ac44f5d3f,dayspring.education,available,34.99,34.99,high,low,9,namesilo,,,11/09/2026 02:07
d4a5738e-80ae-4138-bb05-5f6d93849681,moral.education,available,36.98,46.98,high,low,5,namecheap,,,25/09/2026 21:40
76f37ba9-e0db-4ad5-86be-b061d583f311,roll.education,available,34.99,34.99,high,low,4,namesilo,,,27/09/2026 15:56
56591040-6b91-49b5-9c38-be3d329a0d07,thoroughly.education,available,34.99,34.99,high,low,10,namesilo,,,14/09/2026 17:01
d6cfda0c-cf9e-44b9-9c04-24beaab40017,casket.education,available,34.99,34.99,high,low,6,namesilo,,,29/09/2026 07:36
6ef28db1-058d-4270-8394-eda8fd64b58b,motorcar.education,available,36.98,46.98,high,low,8,namecheap,,,21/09/2026 05:29
5f97939d-96fd-4929-baf6-ce19420cb054,diacritic.education,available,34.99,34.99,medium,low,9,namesilo,,,14/08/2026 05:43
41f04bfc-9011-476d-b85d-ea68e704bd30,baloney.education,available,36.98,46.98,medium,low,7,namecheap,,,21/09/2026 23:43
c05c985f-1433-4783-8779-7a82e0f6f79a,blabby.education,available,36.98,46.98,low,low,6,namecheap,,,09/08/2026 21:03
a5d8e4ba-1478-4d00-9f58-d885331b9079,minimally.education,available,34.99,34.99,medium,low,9,namesilo,,,15/09/2026 15:02
d2117b2d-2672-4e17-a1b0-72d4146d442a,tonsorial.education,available,34.99,34.99,medium,low,9,namesilo,,,11/09/2026 17:12
3ef6f118-f59b-410d-9dc0-252f8cf3523b,doze.education,available,34.99,34.99,high,low,4,namesilo,,,24/09/2026 23:43
d34e5374-e4c3-44ff-b031-d65311c822bc,affront.education,available,34.99,34.99,medium,low,7,namesilo,,,17/09/2026 14:54
7a672eec-0d97-4e6c-8ab9-7b57c0e7b94a,screenplay.education,available,21.11,28.32,high,low,10,porkbun,,,28/09/2026 20:23
b4743334-9608-4de5-b2ca-038a19ce1c06,cavity.education,available,34.99,34.99,medium,low,6,namesilo,,,28/09/2026 13:34
e62d6099-548f-4cfd-8243-cd98514ceb46,varying.education,available,34.99,34.99,high,low,7,namesilo,,,13/09/2026 01:31
1787f8b3-2ba8-427a-8af4-82eb8c1d8646,judgmental.education,available,34.99,34.99,medium,low,10,namesilo,,,22/08/2026 14:10
28dfbd83-86d8-4046-b9a2-337b69ecab0e,grate.education,available,36.98,46.98,high,low,5,namecheap,,,20/08/2026 18:33
c68fd58b-9b72-494b-bc36-0c1cd7b96552,battue.education,available,34.99,34.99,medium,low,6,namesilo,,,22/09/2026 16:30
01e512d7-d690-4463-aee4-25a4648462bd,engel.education,available,21.62,29.11,high,low,5,dynadot,,,28/09/2026 04:50
a9a632c0-d561-4606-a7a3-f654adf786c7,baja.education,available,34.99,34.99,medium,low,4,namesilo,,,29/09/2026 21:54
ee098c5c-a635-4e16-ad16-d191f04293a6,gregarious.education,available,34.99,34.99,high,low,10,namesilo,,,20/08/2026 19:56
9ccf6e4e-8076-4001-9bc6-4f11c1a1bd00,expecting.education,available,34.99,34.99,high,low,9,namesilo,,,
0a697bd4-c6d3-4e4e-a91c-971a5c2795b4,clarkson.education,available,34.99,34.99,medium,low,8,namesilo,,,27/09/2026 01:50
9643b8fc-c7de-40d9-bfae-09eb42c7925f,abridged.education,available,34.99,34.99,high,low,8,namesilo,,,
9a63a149-1561-41c3-ba51-bcdaed2e201d,peerage.education,available,34.99,34.99,high,low,7,namesilo,,,22/09/2026 07:17
cdfd86e0-e423-4b09-9c1d-98f2facc76f1,dolomitic.education,available,34.99,34.99,medium,low,9,namesilo,,,14/08/2026 15:28
9098bd61-caec-4d54-a973-f77192766d36,described.education,available,36.98,46.98,high,low,9,namecheap,,,24/09/2026 06:37
9a7f2ed7-9988-420a-a5c7-e1ab61060351,yummy.education,available,34.99,34.99,high,low,5,namesilo,,,14/08/2026 00:26
b0374578-de4d-4757-afac-1ba301bc6009,ana.education,available,21.62,29.11,high,low,3,dynadot,,,28/09/2026 21:04
28b65844-97b4-4944-875d-0c39e01b8534,raped.education,available,34.99,34.99,medium,low,5,namesilo,,,14/08/2026 04:27
9245051a-49d0-4459-a16e-8b518c4d99d5,imperfect.education,available,34.99,34.99,high,low,9,namesilo,,,21/08/2026 22:10
6e723444-8868-4b1f-8061-dca16db8f2a7,aspirer.education,available,34.99,34.99,medium,low,7,namesilo,,,07/08/2026 05:12
3a245155-c93c-4819-986b-f5090c9022a6,formidable.education,available,34.99,34.99,high,low,10,namesilo,,,18/08/2026 12:12
118da283-a7ca-4444-97f5-b75db6445a46,burton.education,available,28.15,28.15,high,low,6,spaceship,,,28/09/2026 18:31
60b16f81-86aa-4aa5-a1d4-04f4c4a2f5e6,slangy.education,available,34.99,34.99,medium,low,6,namesilo,,,10/09/2026 09:59
762e4fe1-d205-4da6-a7be-8afc04e24903,glial.education,available,34.99,34.99,medium,low,5,namesilo,,,20/08/2026 14:24
4e9d8314-25c7-48bc-9c31-fb06372d7553,villain.education,available,36.98,46.98,high,low,7,namecheap,,,21/09/2026 16:58
52b2de58-f64c-4314-83e4-e40edf147695,bangles.education,available,36.98,46.98,medium,low,7,namecheap,,,20/09/2026 19:22
28992fe7-fd80-45f1-92f4-65afd4e7ff77,uttermost.education,available,34.99,34.99,high,low,9,namesilo,,,17/08/2026 22:44
467c3920-b9a2-48c1-a81d-b18f023c2807,restful.education,available,34.99,34.99,high,low,7,namesilo,,,09/09/2026 13:26
c9646541-f192-465c-9201-d662c5110836,tehran.education,available,34.99,34.99,high,low,6,namesilo,,,25/09/2026 22:03
c85c7de3-6e70-4066-b681-6c0d116ee896,linchpin.education,available,34.99,34.99,high,low,8,namesilo,,,21/09/2026 15:17
28a8e103-c547-48c2-babc-4bce62c48bd0,venal.education,available,34.99,34.99,medium,low,5,namesilo,,,11/08/2026 03:46
3494afa8-385c-4982-9e6b-a03b9ebc8225,scrupulous.education,available,34.99,34.99,high,low,10,namesilo,,,12/08/2026 22:22
ee97ef18-734b-497f-b44f-cd0325642c88,mooney.education,available,36.98,46.98,high,low,6,namecheap,,,28/09/2026 03:44
08d511e4-ab74-47ba-8c5c-7aab931c43a0,eric.education,available,34.99,34.99,high,medium,4,namesilo,,,25/09/2026 11:25
aa0babdd-1ee3-47ab-a2d1-783ec0898b52,acrylic.education,available,34.99,34.99,high,low,7,namesilo,,,17/09/2026 04:05
2c827a5d-f240-4b1e-8d6d-6ab9697696f2,conquest.education,available,21.62,29.11,high,low,8,dynadot,,,29/09/2026 11:03
3e112117-3f43-4251-a867-adcab6048525,coins.education,resell,,,high,medium,5,Dynadot Inc,04/06/2018 09:32,04/06/2027 09:32,26/09/2026 05:06
69cd0a64-fa8a-4fbd-85ec-6bfd5541cd6d,rimbaud.education,available,34.99,34.99,medium,low,7,namesilo,,,20/09/2026 11:03
823bd8e1-56a7-44ba-9bf0-f1fae6eb368b,sisterly.education,available,34.99,34.99,high,low,8,namesilo,,,10/09/2026 08:52
2cc99124-2390-4635-ace6-17a4cc1dbff0,successfully.education,available,34.99,34.99,high,low,12,namesilo,,,
970ec580-92d2-4589-810b-8a0c77b567a1,barefooted.education,available,36.98,46.98,medium,low,10,namecheap,,,08/08/2026 18:59
036d97a7-503e-4679-bbc8-f9f0d07a9c49,algol.education,available,34.99,34.99,medium,low,5,namesilo,,,18/09/2026 07:05
284cc491-1d38-48d7-aa9d-e6083f1a2b7b,widespread.education,available,36.98,46.98,high,low,10,namecheap,,,24/09/2026 16:57
333f2474-f11d-4dcf-ab72-4f59666647a7,synoptical.education,available,34.99,34.99,medium,low,10,namesilo,,,11/09/2026 06:35
5df9a3d1-5f3d-40ac-a03f-7734561b4506,incense.education,available,27.2,27.2,high,low,7,cloudflare,,,29/09/2026 19:17
8eac2ce7-ac51-4433-ba95-f7aaaf8201ac,ambulances.education,available,34.99,34.99,medium,low,10,namesilo,,,21/09/2026 07:02
3127fb0b-46ad-4dcc-9680-37a0f4b0cd54,primo.education,available,34.99,34.99,high,low,5,namesilo,,,09/09/2026 02:07
e0014542-5e2c-4748-8df8-5f13b138d39b,cornelia.education,available,27.2,27.2,medium,low,8,cloudflare,,,28/09/2026 07:53
7fa9cb6b-7aa5-4578-adec-2be2520d63a9,baguette.education,available,21.62,29.11,high,low,8,dynadot,,,29/09/2026 00:33
5b6ba593-a7b7-40c6-afd5-eb31b7c84f42,carbonara.education,available,34.99,34.99,high,low,9,namesilo,,,24/09/2026 12:46
a928c720-4e39-4b97-8185-a70145097e2c,mandela.education,available,27.2,27.2,high,low,7,cloudflare,,,28/09/2026 14:49
b3de2b5c-4b5b-4fb9-a90a-ff9dab016398,daunting.education,available,39.99,45.99,medium,low,8,name.com,,,13/08/2026 18:48
df466d59-a285-4d3b-8f4f-2e59817ab637,merry.education,available,34.99,34.99,high,low,5,namesilo,,,11/08/2026 04:28
d09ee59f-5eb0-4c2c-9271-415b0a62ccd2,hitler.education,available,34.99,34.99,high,low,6,namesilo,,,17/09/2026 09:31
5ad2e781-cbb6-42e8-90fe-ebba67987fea,upward.education,available,36.98,46.98,high,low,6,namecheap,,,28/09/2026 09:54
652ae864-53c2-4cf1-8449-3eec81088c69,alyssum.education,available,34.99,34.99,medium,low,7,namesilo,,,18/09/2026 15:23
fcc8d03a-5b59-4d17-9378-61dce257850a,organismic.education,available,36.98,46.98,medium,low,10,namecheap,,,04/09/2026 17:49
b614b228-c6df-47f1-bb6c-475a3a17de07,request.education,available,21.11,28.32,high,low,7,porkbun,,,28/09/2026 22:34
e0bd5b89-db5f-4813-9099-95039a002e8a,designate.education,available,34.99,34.99,high,low,9,namesilo,,,14/08/2026 03:42
9e1a4842-7606-4747-b08e-acd60d13b61b,liaison.education,available,36.98,46.98,high,low,7,namecheap,,,17/09/2026 14:03
ade51671-5e48-47df-aaea-0661bd9357e1,seljuk.education,available,34.99,34.99,medium,low,6,namesilo,,,10/09/2026 02:15
3cc5ea79-3614-4fb6-ad45-9fb79224407b,kearney.education,available,28.15,28.15,high,low,7,spaceship,,,28/09/2026 04:09
27e13ac1-d346-47d7-8727-820bd89f87ae,displays.education,available,36.98,46.98,medium,low,8,namecheap,,,30/09/2026 00:15
21e8da38-727a-40d2-b2dc-a991cc97a893,maleficent.education,available,34.99,34.99,medium,low,10,namesilo,,,24/08/2026 13:58
82818e49-c4c4-4a89-8ede-67a1901d261e,multiplier.education,available,28.15,28.15,high,low,10,spaceship,,,28/09/2026 14:56
a4f312f8-6c66-470b-82c5-88dfae058b33,arched.education,available,34.99,34.99,medium,low,6,namesilo,,,06/08/2026 14:34
4f379d2d-4940-487b-9ec7-481381818ff8,syndetic.education,available,34.99,34.99,medium,low,8,namesilo,,,11/09/2026 06:23
e6bc32cf-88ab-44a4-953b-4ba27a73e7ee,sprucely.education,available,34.99,34.99,medium,low,8,namesilo,,,15/09/2026 15:17
2722cd13-28a8-4310-89e6-517bb4121276,glued.education,available,34.99,34.99,high,low,5,namesilo,,,20/08/2026 15:12
51e5bfc7-f4b1-4df0-970f-c0050c1a0de2,kingly.education,available,34.99,34.99,high,low,6,namesilo,,,22/08/2026 16:17
2f4b0606-6978-452d-96b3-718923cc5660,typic.education,available,34.99,34.99,medium,low,5,namesilo,,,11/09/2026 22:29
febbca13-e433-48d1-9b1b-b0fa1f7a6cc0,knocker.education,available,34.99,34.99,medium,low,7,namesilo,,,24/09/2026 22:02
972cc579-a5f4-45e4-9a5e-26580d59cd3c,bel.education,available,34.99,34.99,high,low,3,namesilo,,,23/09/2026 04:21
350fe558-ce4b-4859-a8f7-7e782bae437d,skag.education,available,34.99,34.99,medium,low,4,namesilo,,,23/09/2026 14:39
d52b1bdc-8751-4c19-80d2-f5ee790d4d96,pacemaker.education,available,34.99,34.99,high,low,9,namesilo,,,20/09/2026 11:42
30f76469-d54d-4bd6-a706-3c20d898dc2e,tartness.education,available,34.99,34.99,medium,low,8,namesilo,,,17/09/2026 03:12
fea854c9-0500-478f-8a4e-390a0ca4e6eb,choler.education,available,34.99,34.99,medium,low,6,namesilo,,,19/09/2026 06:04
2d49dc5c-8752-4439-a362-913c92d67552,cantaloup.education,available,36.98,46.98,high,low,9,namecheap,,,24/09/2026 12:08
afe55e0c-0f01-4147-a8c0-c5eba5ebbad6,daydream.education,available,34.99,34.99,high,low,8,namesilo,,,17/09/2026 22:00
84e400c6-1f92-4020-9477-fa0e806b7083,bellhop.education,available,34.99,34.99,high,low,7,namesilo,,,23/09/2026 06:01
daa428a1-7703-421d-8aaa-1ef1432eccd6,madwort.education,available,34.99,34.99,medium,low,7,namesilo,,,18/09/2026 15:25
7eb5d6e9-4843-4d8a-b812-00d0edf93516,explicitly.education,available,34.99,34.99,medium,low,10,namesilo,,,14/09/2026 17:07
9305e49f-cbde-4079-a8cf-f64595cd47df,coupon.education,available,34.99,34.99,high,low,6,namesilo,,,24/09/2026 18:44
b4f3a5ad-234d-4e0e-b8ce-0484369da547,ropeway.education,available,34.99,34.99,medium,low,7,namesilo,,,17/09/2026 12:50
79b4ac57-c2cb-4e77-a56a-6d11f43e82a5,moderator.education,available,39.99,,high,low,9,name.com,,,
34d958ba-9295-4853-a3ce-61c42812a2c8,twofold.education,available,34.99,34.99,medium,low,7,namesilo,,,14/08/2026 16:39
985334fb-5b28-47fc-8735-d94fc4e55836,pliny.education,available,28.15,28.15,high,low,5,spaceship,,,28/09/2026 01:57
6107a911-206e-4f3d-8489-0551759eb367,cultivated.education,available,34.99,34.99,high,low,10,namesilo,,,13/08/2026 10:14
01e4fe4d-3f74-45ef-9efe-b432e38e9ea9,instagrammable.education,available,34.99,34.99,medium,low,14,namesilo,,,
67920981-996f-4ef1-a54c-1f73e75c0d40,cities.education,available,34.99,34.99,medium,low,6,namesilo,,,27/09/2026 09:25
841e5650-fd7c-406f-9fb5-5306aab741c5,sable.education,available,34.99,34.99,high,low,5,namesilo,,,14/08/2026 23:11
4d343c04-4622-4aab-a533-80f315cbe928,maternity.education,available,36.98,46.98,high,low,9,namecheap,,,28/09/2026 19:52
617d6f7b-beeb-4fb9-863d-3ce19dd19c65,peter.education,available,34.99,34.99,high,medium,5,namesilo,,,24/09/2026 16:12
e6a523c2-057d-4a81-886a-4c5eed3fc50d,steps.education,available,34.99,34.99,high,low,5,namesilo,,,
512856fc-b78b-4451-9c6f-174b464fce88,ironical.education,available,34.99,34.99,medium,low,8,namesilo,,,22/08/2026 10:06
c2985cd0-e09c-485c-bd2b-4776576238af,spareribs.education,available,34.99,34.99,high,low,9,namesilo,,,22/09/2026 04:41
81d1b24c-f09d-447a-90b3-f3fedc5cf1cb,apiculture.education,available,34.99,34.99,medium,low,10,namesilo,,,19/09/2026 15:54
cdf48ff9-9250-4611-982d-aabd32960cd0,battles.education,available,28.15,28.15,low,low,7,spaceship,,,28/09/2026 08:54
73af90d8-4d10-44d0-94dd-794a59e31ba6,monterrey.education,available,27.2,27.2,high,low,9,cloudflare,,,28/09/2026 14:54
6b45f789-d2c8-4cf2-b932-8a96e6f53993,pally.education,available,34.99,34.99,high,low,5,namesilo,,,12/08/2026 07:42
060a3cab-c5d3-4b7b-821b-1ba6bfab7fde,fasting.education,available,34.99,34.99,high,low,7,namesilo,,,17/08/2026 23:03
9dcd1424-03b7-41ce-950e-5ab48c73167b,congregational.education,available,34.99,34.99,medium,low,14,namesilo,,,
df302886-8fe6-49e9-bea1-def34962366a,instability.education,available,34.99,34.99,medium,low,11,namesilo,,,29/09/2026 23:37
8635330c-8c10-439b-96bd-9a500077ec49,consumer.education,available,28.15,28.15,high,low,8,spaceship,,,29/09/2026 11:19
5d52438e-24c7-47bd-99d4-f107c0578824,aluminous.education,available,34.99,34.99,medium,low,9,namesilo,,,
5305e166-3c2d-4a24-ad87-053de2b4c284,minimal.education,available,34.99,34.99,high,low,7,namesilo,,,29/09/2026 06:06
1d30cb25-5630-460b-839b-308c41da770a,apparently.education,available,36.98,46.98,high,low,10,namecheap,,,08/09/2026 20:26
438040c6-3e27-4bf8-9c7c-bb57ec77a163,abutment.education,available,36.98,46.98,medium,low,8,namecheap,,,16/09/2026 19:33
188bc7fd-1753-4b3c-bcfd-f3db482dc90b,hannover.education,available,34.99,34.99,medium,low,8,namesilo,,,29/09/2026 01:14
86ac976e-06cd-44f6-abf3-05d123f629af,wallow.education,available,34.99,34.99,high,low,6,namesilo,,,23/09/2026 16:37
129df90d-f7d3-4bbc-aa25-2195ad69d406,abramis.education,available,34.99,34.99,medium,low,7,namesilo,,,16/09/2026 16:53
260cdeb8-7337-4d7d-9dfc-609847a7656d,rebuff.education,available,34.99,34.99,medium,low,6,namesilo,,,10/09/2026 10:49
2618e01c-7bde-4379-9a39-90b1b5a4cf98,eastward.education,available,34.99,34.99,high,low,8,namesilo,,,14/08/2026 22:48
79848810-9076-4b34-98ee-eea8ca0f290d,justified.education,available,36.98,46.98,high,low,9,namecheap,,,25/09/2026 12:26
fc78583b-da84-4b5e-998f-ad829184cf72,subjects.education,available,34.99,34.99,high,low,8,namesilo,,,
258df36b-2332-49ac-9003-a7812fbd2cb6,hoarse.education,available,34.99,34.99,medium,low,6,namesilo,,,21/08/2026 10:10
98ebc735-034b-47d4-aeb4-fcfc648fa7b7,kindness.education,available,21.62,29.11,high,low,8,dynadot,,,29/09/2026 19:54
7368d97e-00d5-4c73-b699-6cc2f80bac87,semisoft.education,available,34.99,34.99,medium,low,8,namesilo,,,10/09/2026 03:24
1bc46641-be36-4a3b-9df3-c6d7d9ca2941,fitting.education,available,34.99,34.99,high,low,7,namesilo,,,18/08/2026 05:50
55ae53fa-b748-468a-ba85-25f35cdc1ba0,employ.education,available,34.99,34.99,high,low,6,namesilo,,,08/09/2026 13:39
927acf57-40f8-4ac8-94ad-d988c1787660,chechen.education,available,34.99,34.99,high,low,7,namesilo,,,12/08/2026 03:34
cc3b03fe-4891-4f6c-a949-cb8d25d25c3d,archil.education,available,34.99,34.99,medium,low,6,namesilo,,,20/09/2026 02:06
6bbaa1dd-5d48-4596-81af-6832c62f54a6,arithmancy.education,available,34.99,34.99,medium,low,10,namesilo,,,20/09/2026 06:00
7162feee-75af-4179-aa57-c2b0e4ea12ee,essence.education,available,36.98,46.98,high,low,7,namecheap,,,28/09/2026 03:54
e4cbedd7-e08c-425d-a794-33735d450694,hindu.education,premium,118.8,118.8,high,low,5,namesilo,,,21/08/2026 09:30
8cd1f5a4-8b8e-468f-8b86-85e3751a06f5,erica.education,available,34.99,34.99,high,low,5,namesilo,,,29/09/2026 00:50
b9642f8a-f31f-4db1-b934-e463e25b756e,freetown.education,available,36.98,46.98,high,low,8,namecheap,,,24/09/2026 12:22
0d26b3b4-38ae-4a63-99ce-33ce74f9f43e,smuggling.education,available,34.99,34.99,medium,low,9,namesilo,,,28/09/2026 15:22
ff274958-13e1-44f4-b771-fc7d274b6c92,stratified.education,available,34.99,34.99,medium,low,10,namesilo,,,09/08/2026 06:36
00884a61-8f65-420e-8a44-77956f846bf3,simplicity.education,available,28.15,28.15,high,low,10,spaceship,,,29/09/2026 08:19
47dc7ad1-faab-4157-9aab-3070d76ac3e3,gavin.education,available,36.98,46.98,high,low,5,namecheap,,,26/09/2026 03:29
4f089dad-6fb9-494d-8580-a51ff8eb1ecc,retroflex.education,available,34.99,34.99,medium,low,9,namesilo,,,11/08/2026 12:37
fe0c17ed-c201-4bea-93b6-ff56541affd5,alexei.education,available,27.2,27.2,high,low,6,cloudflare,,,29/09/2026 10:07
220291bc-02d3-4ee4-a739-50406d8754a9,grizzly.education,available,36.98,46.98,high,low,7,namecheap,,,20/08/2026 19:16
4f04584f-977f-4fd5-b8ff-c884ab1ebab0,cuthbert.education,available,21.11,28.32,medium,low,8,porkbun,,,29/09/2026 03:58
be9bc81f-af18-48c0-a8c8-a367eec3c9d8,physiology.education,available,21.62,29.11,high,low,10,dynadot,,,29/09/2026 19:59
34b9ed5a-64f5-488d-a35f-cea6ea82679a,possibility.education,available,36.98,46.98,high,low,11,namecheap,,,25/09/2026 16:40
8330953a-2ca9-4ccc-81d3-1fa9ebcfe393,wires.education,available,28.15,28.15,medium,low,5,spaceship,,,28/09/2026 04:36
d3229190-c6a9-40b7-bf83-78faf019f4fd,normative.education,available,36.98,46.98,high,low,9,namecheap,,,03/09/2026 21:19
fe262aa9-d043-476b-a939-47ec5c6c807c,nosy.education,available,34.99,34.99,high,low,4,namesilo,,,03/09/2026 21:48
e78d21db-2dc6-4c59-a5b3-f189e909d7a3,tape.education,available,34.99,34.99,high,low,4,namesilo,,,
cae87b51-08bd-4351-93d4-8cc470a3544b,dehydrated.education,available,34.99,34.99,medium,low,10,namesilo,,,14/08/2026 00:06
063edd92-cef1-4dfd-8ad1-7880f88a01e0,tent.education,available,34.99,34.99,high,low,4,namesilo,,,11/08/2026 15:59
07613c37-8d0e-49b2-8fc7-38b16438b867,trivially.education,available,34.99,34.99,low,low,9,namesilo,,,16/09/2026 09:31
52b26275-55ad-4da3-bc0f-e403293f775a,authorities.education,available,34.99,34.99,high,low,11,namesilo,,,27/09/2026 02:17
bb212c88-b280-47e6-b42a-4189576fb434,arizonian.education,available,36.98,46.98,medium,low,9,namecheap,,,20/09/2026 06:06
84fb7b42-e69f-4374-afd5-3293a0e016e6,overstated.education,available,34.99,34.99,medium,low,10,namesilo,,,17/08/2026 15:36
d25e5a2f-41a6-43a0-bdf6-d6e92659aeb5,housewife.education,available,28.15,28.15,medium,low,9,spaceship,,,29/09/2026 01:18
05cda901-f59c-4d92-b0cd-5d3439cf8fda,stepping.education,available,36.98,46.98,high,low,8,namecheap,,,16/09/2026 15:33
e000583c-7336-40a2-8cd8-c7fe194f7876,parameters.education,available,27.2,27.2,medium,low,10,cloudflare,,,30/09/2026 00:21
6ffe289c-1666-4c1e-b6ff-6dd11374808b,unnerved.education,available,34.99,34.99,medium,low,8,namesilo,,,12/09/2026 15:54
c4ccd923-252b-4e0f-a079-0b3b3defb1e5,exocentric.education,available,34.99,34.99,medium,low,10,namesilo,,,17/08/2026 17:21
53a914f2-f25d-44af-95e3-d55fe8ddff25,flavourful.education,available,34.99,34.99,medium,low,10,namesilo,,,18/08/2026 07:06
5d1dfd4e-4696-42a0-aa2a-e851b0419db4,nacreous.education,available,34.99,34.99,medium,low,8,namesilo,,,03/09/2026 12:37
c7f0c4c0-9366-44ec-8303-1c7101b15e9f,suburbs.education,available,28.15,28.15,low,low,7,spaceship,,,29/09/2026 05:04
97b5a65e-d893-4ac6-b99c-09f058391655,sideline.education,available,34.99,34.99,high,low,8,namesilo,,,21/09/2026 09:42
a85320a5-95af-4f0e-a717-b0392bdb73a6,adverb.education,available,34.99,34.99,high,low,6,namesilo,,,17/09/2026 10:43
1dade3c9-57c7-4dc8-8537-49b7db9c29fe,julia.education,available,36.98,46.98,high,low,5,namecheap,,,25/09/2026 19:23
362c2983-c75a-44fb-8a91-8102aeb66850,pendant.education,available,34.99,34.99,high,low,7,namesilo,,,08/09/2026 14:12
d4aeeee1-5299-4d82-b7b2-663903bb01bc,full.education,available,34.99,34.99,high,low,4,namesilo,,,24/09/2026 14:07
cb543a6e-f010-499f-afa2-9976a72601d3,prosecuted.education,available,34.99,34.99,low,low,10,namesilo,,,29/09/2026 17:43
88378b97-0b7d-4d97-80a1-063aefc207f5,agency.education,resell,,,high,medium,6,"Sav.com, LLC - 13",16/07/2026 15:15,16/07/2027 15:15,26/09/2026 01:26
bb35fc36-7c5e-4b7a-bf78-f44fa04de3be,everlasting.education,available,27.2,27.2,high,low,11,cloudflare,,,29/09/2026 08:43
1c57dcfb-9534-499a-a94d-8a657c54c67c,facilitation.education,available,34.99,34.99,high,low,12,namesilo,,,17/09/2026 01:02
25385bcd-3dd8-48f8-8faa-bc6584daae64,incite.education,available,34.99,34.99,high,low,6,namesilo,,,09/09/2026 03:18
080fc86d-9aed-4388-844a-ec698f8cb738,majorities.education,available,34.99,34.99,low,low,10,namesilo,,,29/09/2026 05:40
ac4ed0a1-96a1-4097-91c6-885617776800,nicki.education,available,34.99,34.99,high,low,5,namesilo,,,
1fb1abf6-4483-498e-b701-300df67c182d,prodigious.education,available,36.98,46.98,high,low,10,namecheap,,,12/08/2026 17:58
0f0c87d4-521a-4a7b-a184-b5ca9e5b0dc2,pearls.education,available,28.15,28.15,high,low,6,spaceship,,,28/09/2026 08:25
30ba3965-bcef-4f80-85c3-f1e982466890,sopping.education,available,34.99,34.99,medium,low,7,namesilo,,,14/09/2026 14:30
64a3976f-c3b9-4d0c-b297-78e4c26dfbfc,adamant.education,available,34.99,34.99,high,low,7,namesilo,,,
e9f31219-019b-473f-8f1b-c6dcafa78ac5,unintended.education,available,34.99,34.99,medium,low,10,namesilo,,,12/09/2026 13:30
dc4d9f66-594b-4c15-a122-4d9af615f188,heck.education,available,34.99,34.99,high,low,4,namesilo,,,
7c0181d1-e048-4e19-948a-7d3ec037f2d1,caspar.education,available,28.15,28.15,medium,low,6,spaceship,,,29/09/2026 06:16
2435f692-b870-4ecc-b532-daa6644d2e93,curriculum.education,available,28.15,28.15,high,low,10,spaceship,,,29/09/2026 06:26
1c1aad2d-4912-4d62-b00e-19f72c42952a,seem.education,available,34.99,34.99,high,low,4,namesilo,,,
b1aab454-9b73-40b7-b58a-d011683a6634,attested.education,available,34.99,34.99,high,low,8,namesilo,,,07/08/2026 15:41
24fdc4c7-cddb-4f31-9875-5f5b3cafa6f1,credibly.education,available,34.99,34.99,medium,low,8,namesilo,,,14/09/2026 09:26
204041a0-5e62-425f-9706-210753d0fb54,rowley.education,available,34.99,34.99,medium,low,6,namesilo,,,28/09/2026 12:08
b33b94db-a8ec-4b79-8995-52b5d437e581,prospering.education,available,36.98,46.98,medium,low,10,namecheap,,,10/08/2026 19:17
3aff5969-9bf2-4dee-8c44-3f98675c4a89,zinc.education,available,34.99,34.99,high,low,4,namesilo,,,20/09/2026 22:44
0818cfc7-9745-4cda-8794-5fdffe6e8ef4,broaden.education,available,34.99,34.99,high,low,7,namesilo,,,
6e1b324c-154c-41b9-9a95-a0bcd94d0984,imitator.education,available,34.99,34.99,medium,low,8,namesilo,,,19/09/2026 16:27
0a225699-4929-43da-b418-e803e23fa421,dishonest.education,available,34.99,34.99,medium,low,9,namesilo,,,11/08/2026 03:44
e49f664c-6fe5-4fbf-9d70-687eae996cd5,interviewee.education,available,34.99,34.99,medium,low,11,namesilo,,,
97281cab-a881-4ad7-b30a-4e6195db08c8,graveyard.education,available,34.99,34.99,high,low,9,namesilo,,,28/09/2026 01:14
25a8f1d1-28a3-4f1d-8e96-837d8f79f685,amble.education,available,34.99,34.99,high,low,5,namesilo,,,18/09/2026 16:54
8c8f50a7-1228-4456-b77b-1deb2e7e2af3,intense.education,available,34.99,34.99,high,low,7,namesilo,,,25/09/2026 09:55
fac412ac-8925-469f-9a67-7965346cf093,songwriter.education,available,36.98,46.98,high,low,10,namecheap,,,21/09/2026 22:37
e2fa0942-0279-4f42-adf7-7323d90f5a3f,install.education,available,34.99,34.99,high,low,7,namesilo,,,
194dd69c-0542-48cd-a32f-a13cdbffbf50,cleaver.education,available,36.98,46.98,medium,low,7,namecheap,,,29/09/2026 09:55
3942a2d1-265b-4141-8068-a53238a00aa2,octet.education,available,36.98,46.98,high,low,5,namecheap,,,
c2305acd-0a6e-4c96-a455-5ce3db3ffd54,pathetic.education,available,34.99,34.99,medium,low,8,namesilo,,,20/08/2026 23:50
10751280-a8bf-46e1-8906-344db59cd3b3,carlisle.education,available,34.99,34.99,high,low,8,namesilo,,,25/09/2026 14:54
d484823d-5001-4892-9378-00ff20c37448,tub.education,available,34.99,34.99,high,low,3,namesilo,,,29/09/2026 01:33
898e7046-8e8f-41da-a452-1987c516a192,monkfish.education,available,34.99,34.99,medium,low,8,namesilo,,,18/09/2026 11:42
61d79109-c2f5-4505-ab39-1a93de40fedc,bia.education,available,34.99,34.99,medium,low,3,namesilo,,,28/09/2026 21:49
589560cc-be31-462b-961b-fd750383949d,pliable.education,available,34.99,34.99,medium,low,7,namesilo,,,19/09/2026 14:13
757b71cd-ed3d-40cc-84d5-c13ca2d5ee77,repeatedly.education,available,34.99,34.99,high,low,10,namesilo,,,15/09/2026 23:12
5ac28afa-527f-42e7-ba5f-16573ac742e3,infield.education,available,34.99,34.99,high,low,7,namesilo,,,22/09/2026 10:07
02de727e-65d2-446d-9bc9-3fef0e0ced05,polyploid.education,available,34.99,34.99,medium,low,9,namesilo,,,08/09/2026 23:29
4a8a6430-a05f-45ba-9719-13b685b6464d,doings.education,available,36.98,46.98,high,low,6,namecheap,,,23/09/2026 03:17
ed70db59-b1e4-45fa-accf-8b8c3a5e073a,absolution.education,available,36.98,46.98,high,low,10,namecheap,,,16/09/2026 17:57
b7488d7d-a017-4a02-ac52-bf32ed5db93e,arcadic.education,available,34.99,34.99,medium,low,7,namesilo,,,20/09/2026 01:36
bd2984ca-c35f-4254-9561-31d86d228a18,capsulate.education,available,36.98,46.98,medium,low,9,namecheap,,,11/08/2026 18:10
2161ad32-3a67-4b34-980d-007318af8f36,accrual.education,available,34.99,34.99,medium,low,7,namesilo,,,16/09/2026 23:14
1bb3d3db-403f-43fb-875a-0467d96dda8c,lousy.education,available,34.99,34.99,medium,low,5,namesilo,,,24/09/2026 01:33
7abc3020-f664-4475-8359-3b87fbbbcf5f,hellenic.education,available,34.99,34.99,high,low,8,namesilo,,,20/08/2026 17:54
05e59a93-26cc-4cdc-b1d0-014113689870,daybreak.education,available,34.99,34.99,high,low,8,namesilo,,,11/09/2026 02:05
c2898253-6484-4369-bdb4-afba55f212ee,drowned.education,available,28.15,28.15,medium,low,7,spaceship,,,27/09/2026 22:47
2ea88e0a-67d1-4c0f-a6a4-17feb54be140,moves.education,available,36.98,46.98,high,low,5,namecheap,,,25/09/2026 21:00
fd864328-ff7c-4aa3-91f6-9182042cd6ab,apostrophe.education,available,36.98,46.98,high,low,10,namecheap,,,19/09/2026 19:30
ee8f4b94-210b-4807-b5c1-90f4ea87ef7a,mcleod.education,available,34.99,34.99,high,low,6,namesilo,,,27/09/2026 06:53
04d7ef49-9d0c-4c35-b26e-0aa84a929c4a,akka.education,available,34.99,34.99,high,low,4,namesilo,,,16/09/2026 22:23
6a1e63d3-b225-4727-b3c7-cbb4283eee58,takeaways.education,available,34.99,34.99,high,low,9,namesilo,,,18/09/2026 05:02
9d268b5c-5c55-4232-9618-27998fc2d0fc,identities.education,available,27.2,27.2,medium,low,10,cloudflare,,,29/09/2026 17:14
efadec6a-3cdc-44f2-949b-9ef6338506fb,careless.education,available,36.98,46.98,high,low,8,namecheap,,,23/09/2026 12:52
fbb0bd7d-68e9-4bc9-bde1-0966b3291801,taxable.education,available,36.98,46.98,medium,low,7,namecheap,,,03/09/2026 19:07
014bedcd-f4ed-4e4c-8f68-74df02e649c8,bushnell.education,available,27.2,27.2,medium,low,8,cloudflare,,,29/09/2026 11:50
c25558a0-6130-4956-940e-7ed3cc7d1c6b,cleavage.education,available,34.99,34.99,high,low,8,namesilo,,,24/09/2026 15:29
02cd17b7-205f-4dad-94bc-029ff63512b2,amerind.education,available,34.99,34.99,medium,low,7,namesilo,,,
6ff5dc12-5177-4332-98aa-273ee98ba182,lynchpin.education,available,34.99,34.99,high,low,8,namesilo,,,21/09/2026 15:18
44aa471a-c0cc-4c9a-bdb9-bfff5141711f,chilly.education,available,34.99,34.99,high,low,6,namesilo,,,12/08/2026 05:30
b90f7205-553a-4597-a70b-b2b6a0dfaf0f,commanded.education,available,28.15,28.15,medium,low,9,spaceship,,,29/09/2026 16:38
b70a575a-3a91-437d-8e50-ba727638f9ef,waker.education,available,34.99,34.99,medium,low,5,namesilo,,,20/09/2026 08:31
52235ac3-e2ec-4c67-8087-63e77ec1dc7f,usgs.education,available,34.99,34.99,high,low,4,namesilo,,,28/09/2026 03:54
871c4b21-14ce-482c-b324-a114d42dd355,dismissive.education,available,34.99,34.99,medium,low,10,namesilo,,,14/08/2026 11:49
35a3fdf3-84a2-49a8-8494-9c9ab81cce81,freight.education,available,27.2,27.2,high,low,7,cloudflare,,,28/09/2026 06:23
7b9f0f1a-1f8d-4d1f-b463-392da6078c49,cohesive.education,available,34.99,34.99,high,low,8,namesilo,,,12/08/2026 16:05
4eeef01d-27b7-438e-94ee-e8ffd4b4d825,springfield.education,available,34.99,34.99,high,low,11,namesilo,,,29/09/2026 22:00
380adf58-b6e8-438a-9b94-e5263d9710ff,carried.education,available,34.99,34.99,medium,low,7,namesilo,,,25/09/2026 17:00
b2245c2f-588e-4f7a-827d-dfda1546c2f5,asylum.education,available,36.98,46.98,high,low,6,namecheap,,,20/09/2026 18:37
02bab2fa-367c-4a60-b6af-fe403b366097,grammar.education,available,28.15,28.15,high,low,7,spaceship,,,29/09/2026 21:08
ca5f028e-9425-4b20-ab1d-04e13657c245,wwii.education,available,28.15,28.15,medium,low,4,spaceship,,,28/09/2026 07:36
1a6ba5c0-64b3-433e-a35d-7ba5447074e7,calculations.education,available,34.99,34.99,medium,low,12,namesilo,,,17/09/2026 02:07
e6ccb277-984e-41ee-aac8-bc01ddf23190,bashful.education,available,34.99,34.99,high,low,7,namesilo,,,08/08/2026 22:01
e1d76d13-c497-4c0f-9f35-43b86a036230,afferent.education,available,34.99,34.99,high,low,8,namesilo,,,
962ba7ad-e5f5-4608-a74a-adc6987817a6,mules.education,available,21.11,28.32,high,low,5,porkbun,,,29/09/2026 21:20
29eb1e3a-c1bf-4754-b620-8781be91faa2,convertible.education,available,27.2,27.2,high,low,11,cloudflare,,,28/09/2026 15:45
51a37af8-07f8-4216-a3d9-240f5f0c5c3a,hundredth.education,available,34.99,34.99,high,low,9,namesilo,,,
52cf6b58-ffef-474e-bafc-b1e78851d1dd,fervently.education,available,36.98,46.98,medium,low,9,namecheap,,,14/09/2026 18:24
715feefb-4010-4fc1-839c-cd652edeeb98,grungy.education,available,34.99,34.99,low,low,6,namesilo,,,09/08/2026 09:36
bf86d9dd-6cf3-4387-8623-5d70fcefb259,acerola.education,available,36.98,46.98,medium,low,7,namecheap,,,16/09/2026 23:42
f70cb109-b342-4cdb-bf25-97b0ae9d2542,throwback.education,available,34.99,34.99,high,low,9,namesilo,,,11/09/2026 15:00
48930d82-c58d-41de-80b4-3215e45436b7,soh.education,available,34.99,34.99,medium,low,3,namesilo,,,16/09/2026 03:36
1d75db0e-ade2-4636-b5f9-5fbc1c6fb83d,alewife.education,available,34.99,34.99,medium,low,7,namesilo,,,18/09/2026 05:44
a27f0027-192f-43a0-ab7d-394dce0a09a0,chimpanzee.education,available,34.99,34.99,high,low,10,namesilo,,,24/09/2026 14:39
953eacde-8724-4742-9fa9-c614da35a8bb,wilder.education,available,34.99,34.99,high,low,6,namesilo,,,23/09/2026 16:50
17a90864-aefa-4ee3-ae37-c7b4ad03e342,bachelor.education,available,34.99,34.99,high,low,8,namesilo,,,29/09/2026 00:12
c310d3b2-2994-4932-a87b-57e7c62fdec5,mitral.education,available,34.99,34.99,medium,low,6,namesilo,,,25/08/2026 02:10
36d4c4d0-eead-49d0-a83f-e248ca8e9767,rounding.education,available,34.99,34.99,high,low,8,namesilo,,,29/09/2026 13:53
d1fb983f-35ae-447f-af08-d63de11191eb,jean.education,available,28.15,28.15,high,low,4,spaceship,,,28/09/2026 01:02
bdd8910f-1222-4bf4-badd-3b05bbb49bb5,unexciting.education,available,34.99,34.99,medium,low,10,namesilo,,,12/09/2026 09:32
01112d7d-e9c7-4891-bc38-b2cfe2a44a94,lewes.education,available,34.99,34.99,medium,low,5,namesilo,,,28/09/2026 23:03
9552b91b-f610-4dc2-8f73-753d6022ba82,actin.education,available,34.99,34.99,medium,low,5,namesilo,,,17/09/2026 04:37
1f59f827-c1ab-487f-823d-ffd05bfaf0bc,bigeye.education,available,34.99,34.99,high,low,6,namesilo,,,23/09/2026 15:04
e8cb1f85-8d50-45fd-abb3-92d27bd16ee6,palmate.education,available,34.99,34.99,medium,low,7,namesilo,,,04/09/2026 23:55
0168f725-0e04-42e0-82fc-98543bac9c64,rooney.education,available,34.99,34.99,high,low,6,namesilo,,,27/09/2026 07:48
344288ac-2065-40dd-80d5-1bcdf1082d97,coy.education,available,34.99,34.99,high,low,3,namesilo,,,24/09/2026 01:10
d90c42e0-ba69-49fd-9515-892da8b9b99f,operate.education,available,36.98,46.98,high,low,7,namecheap,,,25/09/2026 06:12
ef1b8675-f2e3-45b3-ab53-1f973c08b7bd,cowper.education,available,28.15,28.15,high,low,6,spaceship,,,29/09/2026 11:59
27ae0df1-6fe0-40a3-8ccd-afd8bbfb2686,autarky.education,available,36.98,46.98,medium,low,7,namecheap,,,21/09/2026 05:04
9b958579-fff1-46df-88b8-9543893d2d90,mediated.education,available,36.98,46.98,medium,low,8,namecheap,,,24/08/2026 18:53
2b295ba9-efd1-46e9-8f0a-8a45f178628b,serum.education,available,27.2,27.2,high,low,5,cloudflare,,,29/09/2026 06:06
fd1f5cd4-7868-4f7a-9565-2af44f6d8886,based.education,available,21.62,29.11,high,medium,5,dynadot,,,29/09/2026 17:50
2c41eee3-35a0-4389-972a-013d8cf68643,insensible.education,available,34.99,34.99,medium,low,10,namesilo,,,22/08/2026 06:47
dbb63ea6-5459-4b8c-b368-43343b3d4301,liege.education,available,34.99,34.99,medium,low,5,namesilo,,,18/08/2026 03:03
4be90a95-1d71-477a-80e9-ef05caa07c8d,amplifies.education,available,36.98,46.98,medium,low,9,namecheap,,,17/09/2026 20:54
cb39fc1b-6090-4e74-ab45-42f4db519f40,geoff.education,available,34.99,34.99,medium,low,5,namesilo,,,28/09/2026 07:55
9b667394-3573-46d3-9130-c5316a7335a2,fulfill.education,available,21.62,29.11,high,low,7,dynadot,,,28/09/2026 15:34
1a09ebf1-8bca-4e9e-bbe9-2401ed188e87,impede.education,available,34.99,34.99,medium,low,6,namesilo,,,21/08/2026 09:28
92ef071f-83c9-44e2-85c9-d171133dca40,bittie.education,available,34.99,34.99,medium,low,6,namesilo,,,10/08/2026 07:56
fb28d7a8-2599-49c5-9b38-548ce2847305,inquirer.education,available,34.99,34.99,high,low,8,namesilo,,,20/09/2026 14:22
eeb4ae08-a414-4775-a32c-42afe86498e9,buttoned.education,available,34.99,34.99,medium,low,8,namesilo,,,11/08/2026 11:58
355fdd30-f936-44b1-968e-0e7178c37f2e,thermic.education,available,34.99,34.99,medium,low,7,namesilo,,,11/08/2026 15:05
7c029477-536f-4248-a50e-44d9a1169c92,abortus.education,available,34.99,34.99,medium,low,7,namesilo,,,16/09/2026 16:40
3ae36208-8bfd-432d-aceb-ddef75f78309,arbour.education,available,34.99,34.99,medium,low,6,namesilo,,,20/09/2026 00:58
33637656-db60-4701-9a90-950bfb906fbc,vicarious.education,available,34.99,34.99,medium,low,9,namesilo,,,13/09/2026 05:15
405e1b80-f1a1-41cc-aba3-5284c18b67b6,hands.education,available,34.99,34.99,high,low,5,namesilo,,,08/09/2026 04:01
1b8b1210-ccb9-479d-89c4-b0c9601cc64b,curfew.education,available,36.98,46.98,high,low,6,namecheap,,,24/09/2026 20:27
7a491f3a-2774-408b-b00e-e42319b45c16,jorge.education,available,34.99,34.99,high,low,5,namesilo,,,25/09/2026 13:21
c3514936-5713-4377-a6b9-afc1b724175c,amnesia.education,available,34.99,34.99,high,low,7,namesilo,,,18/09/2026 22:18
6bb00d11-0239-4fdb-b046-87442672f3e3,clubby.education,available,34.99,34.99,medium,low,6,namesilo,,,12/08/2026 11:19
f24bf66f-6dec-476d-8e37-7b60033a1f71,gratuity.education,available,34.99,34.99,high,low,8,namesilo,,,21/09/2026 15:50
8823fc01-6606-468f-9c39-7f6e3836ff18,maternally.education,available,34.99,34.99,medium,low,10,namesilo,,,25/08/2026 07:10
96ab07df-be0d-424b-9ac7-422874eb960c,bruckner.education,available,34.99,34.99,medium,low,8,namesilo,,,19/09/2026 15:26
3037c4bd-53dd-49fc-a2c5-8fa1e79473bb,berkshire.education,available,34.99,34.99,high,low,9,namesilo,,,23/09/2026 09:33
5af5af06-24e8-4752-ac00-0afb11c73b99,finale.education,available,34.99,34.99,high,low,6,namesilo,,,23/09/2026 14:46
0726f960-1628-4c01-aa49-398d7329e3c4,lesser.education,available,34.99,34.99,medium,low,6,namesilo,,,23/08/2026 00:24
0f568592-2179-41db-9ff1-49ee0d481c66,protocols.education,available,34.99,34.99,medium,low,9,namesilo,,,19/09/2026 04:47
a0c6d302-e7ed-470d-b852-a66ee653952a,steadied.education,available,36.98,46.98,medium,low,8,namecheap,,,10/09/2026 19:30
21d597a6-d0dc-415a-a72f-3e67995ecf16,trivial.education,available,36.98,46.98,high,low,7,namecheap,,,24/09/2026 17:54
050eee73-5858-4275-a388-b3544b4d73f8,carrier.education,available,34.99,34.99,high,low,7,namesilo,,,28/09/2026 19:39
b90e1071-8854-48ee-829b-e41d87ef9ef3,supersize.education,available,34.99,34.99,high,low,9,namesilo,,,
740a5f45-37d9-4682-9385-8bd2d4b62ca7,goby.education,available,34.99,34.99,medium,low,5,namesilo,,,16/09/2026 16:23
3ed49e19-4c1b-4e7f-9362-2723983ff084,dsc.education,available,28.15,28.15,high,low,3,spaceship,,,29/09/2026 21:44
0719288a-98cf-42cb-a0a2-7162370600dc,ives.education,available,34.99,34.99,high,low,4,namesilo,,,25/09/2026 22:11
0e5b5c45-d69b-45f2-9bec-fb4829b7b83e,doom.education,available,34.99,34.99,high,low,4,namesilo,,,24/09/2026 23:34
616adeff-4c0e-4265-9496-d2b31790098f,bosnian.education,available,36.98,46.98,high,low,7,namecheap,,,10/08/2026 20:21
0c2fdcfe-5866-4489-9cd1-1c6682b00a53,pha.education,available,28.15,28.15,medium,low,3,spaceship,,,29/09/2026 21:39
1c830886-f025-4c54-8754-b4f2fc5c1d2e,uncontrollable.education,available,34.99,34.99,medium,low,14,namesilo,,,
6fbf717e-5965-4892-9897-f1a757bac6a0,debonair.education,available,34.99,34.99,high,low,8,namesilo,,,12/08/2026 05:58
7ed82891-ea6c-426c-b7df-056646edf84c,heraldic.education,available,34.99,34.99,medium,low,8,namesilo,,,21/08/2026 06:53
f3f81036-4ac1-454a-a216-9761ac2e5e5e,adaption.education,available,34.99,34.99,medium,low,8,namesilo,,,17/09/2026 06:32
a1cfb67f-7a4d-4606-b23c-e1814abd618b,announcer.education,available,34.99,34.99,high,low,9,namesilo,,,19/09/2026 10:49
74c1b4c2-6627-4c47-ba04-b47adf71b53d,falsetto.education,available,36.98,46.98,high,low,8,namecheap,,,17/08/2026 21:33